Workbook
Name Acrobatics: #REF!
Name AcrobaticsMerit: 'General Merits'!$A$115
Name AcrobaticsTitle: #REF!
Name Aegis: #REF!
Name Age: #REF!
Name AGI: #REF!
Name AGIMerit: 'General Merits'!$A$17
Name AGITitle: #REF!
Name Alchemy: #REF!
Name AlchemyBase: #REF!
Name AlchemyMerit: 'General Merits'!$A$162
Name AlchemyTitle: #REF!
Name AncientDraconic: #REF!
Name AncientDraconicTitle: #REF!
Name AnimalHandling: #REF!
Name AnimalHandlingBase: #REF!
Name AnimalHandlingMerit: 'General Merits'!$A$166
Name AnimalHandlingTitle: #REF!
Name Appraisal: #REF!
Name AppraisalBase: #REF!
Name AppraisalMerit: 'General Merits'!$A$119
Name AppraisalTitle: #REF!
Name AquaElven: #REF!
Name AquaElvenTitle: #REF!
Name Arcana: #REF!
Name ArcanaBase: #REF!
Name ArcanaMerit: 'General Merits'!$A$170
Name ArcanaTitle: #REF!
Name Archery: #REF!
Name ArcheryBase: #REF!
Name ArcheryMerit: 'General Merits'!$A$52
Name ArcheryTitle: #REF!
Name Armor: #REF!
Name ArmorValue: #REF!
Name Arms: 'Pro Inventory'!$AK$26
Name Athletics: #REF!
Name AthleticsMerit: 'General Merits'!$A$123
Name AthleticsTitle: #REF!
Name AttackPower: #REF!
Name AttackPower: #REF!
Name Axes: #REF!
Name AxesBase: #REF!
Name AxesMerit: 'General Merits'!$A$56
Name AxesTitle: #REF!
Name Back: 'Pro Inventory'!$C$3
Name BaseAGI: #REF!
Name BaseCHA: #REF!
Name BaseCNV: #REF!
Name BaseCON: #REF!
Name BaseFOC: #REF!
Name BaseHeight: #REF!
Name BaseINS: #REF!
Name BaseINT: #REF!
Name BaseSTR: #REF!
Name BaseWeight: #REF!
Name BaseWIS: #REF!
Name BaseWIT: #REF!
Name BasicElven: #REF!
Name BasicElvenMerit: 'General Merits'!$A$217
Name BasicElvenTitle: #REF!

Sheet #Skill Templates
L2: _________ Skills | AN2: Bonus Exp | BI2: Free Range EXP | BT2: =VLOOKUP(#REF!,[2]Descriptions!$A:$U,COLUMN([2]Descriptions!$D:$D),0) -> #REF!
A3: Helper Cells. These columns should be hidden
AN4: =MAX(0,EXP.Combat-EXPSpent.Combat) -> #NAME? | AS4: of | AV4: =EXP.Combat -> #NAME? | BK4: =EXP.Available -> #REF!
B8: =SUM(D:D) -> 0 | F8: =SUM(G:G) -> 0
D10: Sums --> | G10: Sums -->
B17: =B3+1 -> 1 | I17: =I3+D6 -> 0
B19: Cost of first rank –>
D20: =SUM(21:21) -> 0
F21: Sums Row -->
G24: =SUM(26:26) -> 0
I26: Sums Row -->
A27: 4 Cell Gap | E27: 4 Cell Gap | I27: 4 Cell Gap
B31: =B17+1 -> 2 | I31: =I17+D20 -> 0 | P31: Skill Name | AX31: Skill Name | CB31: Skill Name | DH31: Skill Name
BN32: =HYPERLINK("http://wiki.project-saros.com/w/"&AX31,"View Online") -> View Online | CR32: =HYPERLINK("http://wiki.project-saros.com/w/"&CB31,"View Online") -> View Online | DX32: =HYPERLINK("http://wiki.project-saros.com/w/"&DH31,"View Online") -> View Online
B33: Cost of first rank –> | N33: 1 | AA33: =HYPERLINK("http://wiki.project-saros.com/w/"&P31,"View Online") -> View Online | BZ33: 0 | DF33: 0
D34: =SUM(35:35) -> 0 | Q34: Next Point: | W34: =IF(AC40<0,"✗",IF(AC40>0,"✓",SUM(P36+$B31&" xp"))) -> ✗ | AY34: Next Point: | BE34: =IF(BL40<0,"✗",IF(BL40>0,"✓",SUM(AX36:BQ37)+$B31&" xp")) -> ✗ | CC34: Next Point: | CI34: =IF(CP40<0,"✗",IF(CP40>0,"✓",SUM(CB36:CU37)+$B31&" xp")) -> ✗ | DI34: Next Point: | DO34: =IF(DV40<0,"✗",IF(DV40>0,"✓",SUM(DH36:EA37)+$B31&" xp")) -> ✗
F35: Sums Row --> | N35: =IF(AC40<0,0,SUM(P36)) -> 0 | AV35: =IF(BL40<0,0,SUM(AX36:BQ37)) -> 0 | BZ35: =IF(CP40<0,0,SUM(CB36:CU37)) -> 0 | DF35: =IF(DV40<0,0,SUM(DH36:EE37)) -> 0
P36: 0 | AX36: 5 | CB36: 0 | CN36: =IF(AND(CB36=3,CN38<>5),1,0) -> 0 | CR36: =IF(AND(CN36<>0,CR38<>5),1,0) -> 0 | DH36: 0 | DT36: =IF(AND(DH36=3,DT38<>5),1,0) -> 0 | DX36: =IF(AND(DT36<>0,DX38<>5),1,0) -> 0 | EB36: =IF(AND(DX36<>0,EB38<>5),1,0) -> 0
G38: =SUM(40:40) -> 0 | N38: =IF(($B31-1)*6<=$I31,"","Need "&($B31-1)*6-$I31& " more rank(s) in "&$L$2&". ")&IF(OR(N33<>1,OFFSET(U17,4,-2)>=3),"","Need "&3-OFFSET(U17,4,-2)&" more rank(s) in "&U17&".") -> Need 6 more rank(s) in _________ Skills. Need 3 more rank(s) in . | AV38: =IF(($B31-1)*6<=$I31,"","Need "&($B31-1)*6-$I31& " more rank(s) in "&$L$2&". ")&IF(OR(AV33<>1,OFFSET(BC17,4,-2)>=3),"","Need "&3-OFFSET(BC17,4,-2)&" more rank(s) in "&BC17&".") -> Need 6 more rank(s) in _________ Skills. | BZ38: =IF(($B31-1)*6<=$I31,"","Need "&($B31-1)*6-$I31& " more rank(s) in "&$L$2&". ")&IF(OR(BZ33<>1,OFFSET(CG17,4,-2)>=3),"","Need "&3-OFFSET(CG17,4,-2)&" more rank(s) in "&CG17&".") -> Need 6 more rank(s) in _________ Skills. | CN38: 5 | CR38: 5 | DF38: =IF(($B31-1)*6<=$I31,"","Need "&($B31-1)*6-$I31& " more rank(s) in "&$L$2&". ")&IF(OR(DF33<>1,OFFSET(DM17,4,-2)>=3),"","Need "&3-OFFSET(DM17,4,-2)&" more rank(s) in "&DM17&".") -> Need 6 more rank(s) in _________ Skills. | DT38: 5 | DX38: 5 | EB38: 5
I40: Sums Row --> | AB40: =IF(AC40<0,0,((P36+$B31-1)*(P36+$B31)/2)-($B31*($B31-1)/2)) -> 0 | AC40: =IF(N38<>"",-1,IF(P36=1,1,0)) -> -1 | AD40: =-AE40-AC40 -> 1 | AE40: =P36+AB38*0.1+AF38*0.01+AJ38*0.001 -> 0 | BJ40: =IF(BL40<0,0,((SUM(AX36,BJ36,BN36,BR36)+$B31-1)*(SUM(AX36,BJ36,BN36,BR36)+$B31)/2)-($B31*($B31-1)/2)) -> 0 | BL40: =IF(AV38<>"",-1,IF(AX36=5,1,0)) -> -1 | BN40: =-BP40-BL40 -> -4 | BP40: =AX36+BJ38*0.1+BN38*0.01+BR38*0.001 -> 5 | CN40: =IF(CP40<0,0,((SUM(CB36,CN36,CR36,CV36)+$B31-1)*(SUM(CB36,CN36,CR36,CV36)+$B31)/2)-($B31*($B31-1)/2)) -> 0 | CP40: =IF(BZ38<>"",-1,IF(CR36=1,1,0)) -> -1 | CR40: =-CT40-CP40 -> 0.45 | CT40: =CB36+CN38*0.1+CR38*0.01+CV38*0.001 -> 0.55 | DT40: =IF(DV40<0,0,((SUM(DH36,DT36,DX36,EB36)+$B31-1)*(SUM(DH36,DT36,DX36,EB36)+$B31)/2)-($B31*($B31-1)/2)) -> 0 | DV40: =IF(DF38<>"",-1,IF(EB36=1,1,0)) -> -1 | DX40: =-DZ40-DV40 -> 0.445 | DZ40: =DH36+DT38*0.1+DX38*0.01+EB38*0.001 -> 0.555
A41: 4 Cell Gap | E41: 4 Cell Gap | I41: 4 Cell Gap
B45: =B31+1 -> 3 | I45: =I31+D34 -> 0
B47: Cost of first rank –>
D48: =SUM(49:49) -> 0
F49: Sums Row -->
G52: =SUM(54:54) -> 0
I54: Sums Row --> | EL54: =FLOOR((EG54/5),1) -> 0
A55: 4 Cell Gap | E55: 4 Cell Gap | I55: 4 Cell Gap
B59: =B45+1 -> 4 | I59: =I45+D48 -> 0
B61: Cost of first rank –>
D62: =SUM(63:63) -> 0
F63: Sums Row -->
FP64: =FLOOR((FK64/5),1) -> 0
G66: =SUM(68:68) -> 0
I68: Sums Row -->
A69: 4 Cell Gap | E69: 4 Cell Gap | I69: 4 Cell Gap
B73: =B59+1 -> 5 | I73: =I59+D62 -> 0
B75: Cost of first rank –>
D76: =SUM(77:77) -> 0
F77: Sums Row -->
G80: =SUM(82:82) -> 0
I82: Sums Row -->
A83: 4 Cell Gap | E83: 4 Cell Gap | I83: 4 Cell Gap
B87: =B73+1 -> 6 | I87: =I73+D76 -> 0
B89: Cost of first rank –>
D90: =SUM(91:91) -> 0
F91: Sums Row -->
G94: =SUM(96:96) -> 0
I96: Sums Row -->
A97: 4 Cell Gap | E97: 4 Cell Gap | I97: 4 Cell Gap

Sheet Descriptions
A1: Races | C1: Plural | D1: Description
A2: Dwarf | C2: Dwarves | D2: Born of the of earth and fire, dwarves are strong, stout individuals carving mighty stone fortresses in the mountainsides. Dwarves are expert miners, smiths, and unyielding front line soldiers.
A3: Garona | C3: Garona
A4: Gnome | C4: Gnomes | D4: Believed to be cousins of the Dwarves, gnomes are principally known for being inquisitive and mechanically-inclined, the innovative gnomish people explore and unearth history and previously undiscovered lands. While not physically adept, gnomes are pioneers of ingeniuty and tactics specializing in infiltration, arcane magics, and technology.
A5: Half-Elf | C5: Half-elves
A6: Human | C6: Humans | D6: Of all the civilized races, humans are the most adaptable and diverse. Human settlements can be found almost anywhere, and human morals, customs, and interests vary greatly.
A7: Kender | C7: Kender | D7: The small, playful race of elves are commonly mistaken for the children of elves. Kender have a mischievious history, seeking excitement and danger at every opportunity. Many more refined races believe that kender fear nothing at all and see only joy and wonder in the world.
A8: Krothgar | C8: Krothgar | D8: Though the Krothgar have an ancestry of war, they turned off away from the path of pointless battle and meaningless conflict. Descending from orcs, the Krothgar are no longer the mindless servants of Il'Grek, the goblin god of war. Instead they have turned to the deities of the dwarves and, over time, earned a place under the gods' banner. Though the dwarves are still rather unforgiving of their heritage, the Krothgar lead peaceful lives among the elves, and humans of the world.
A9: Shadow Elf | C9: Shadow elves | D9: Shadow elves are intelligent, cunning, and devious. Having a different perspective on the world than others they see the humor in the darkness, the purposefulness of death, and show an understanding and appreciation for the unknown. They find it difficult to trust others that have not proven themselves, but are capable of quickly spotting potential loyalty and friends when necessary. Their obsession for the truth drives them to constantly question the motives of others and what secrets they are hiding.
A10: Volkmyr | C10: Volkmyr | D10: Commonly confused for lycanthropes, the strong, noble, race of volkmyr are a fey race that have evolved directly from the wolves. With small packs spread through much of uncivilized territories, the primary home of the volkmyr is in the cold north
A11: Wind Elf | C11: Wind Elves | D11: Creatures of magic with strong ties to to the sun and moon, wind elves live in vast, luxurious cities across most of the known world.
A12: Wood Elf | C12: Wood elves | D12: Wood elf description
A13: Manakin | C13: Manakins | D13: Magical constructs
A14: Ersatz | C14: Ersatz | D14: Ersatz construction
A15: Lagamo | C15: Lagami | D15: Lagamo descrakda | Q15: 15
A16: Mau | C16: Mau | D16: WSORDS
A17: Sylvan | C17: Sylvans | D17: more words | M17: SKILL | N17: SPENT
A18: Bonuses | M18: 1 | N18: 1
A19: Penalties | M19: 2 | N19: =N18+IF(M18/5<$Q$15/5,1,FLOOR(M18/5,1)-1) -> 2
A20: STR | M20: 3 | N20: =N19+IF(M19/5<$Q$15/5,1,FLOOR(M19/5,1)-1) -> 3
A21: AGI | M21: 4 | N21: =N20+IF(M20/5<$Q$15/5,1,FLOOR(M20/5,1)-1) -> 4
A22: CON | M22: 5 | N22: =N21+IF(M21/5<$Q$15/5,1,FLOOR(M21/5,1)-1) -> 5
A23: INT | M23: 6 | N23: =N22+IF(M22/5<$Q$15/5,1,FLOOR(M22/5,1)-1) -> 6
A24: WIS | M24: 7 | N24: =N23+IF(M23/5<$Q$15/5,1,FLOOR(M23/5,1)-1) -> 7
A25: FOC | M25: 8 | N25: =N24+IF(M24/5<$Q$15/5,1,FLOOR(M24/5,1)-1) -> 8
A26: CHA | M26: 9 | N26: =N25+IF(M25/5<$Q$15/5,1,FLOOR(M25/5,1)-1) -> 9
A27: INS | M27: 10 | N27: =N26+IF(M26/5<$Q$15/5,1,FLOOR(M26/5,1)-1) -> 10
A28: CNV | M28: 11 | N28: =N27+IF(M27/5<$Q$15/5,1,FLOOR(M27/5,1)-1) -> 11
A29: Defense Bonus | M29: 12 | N29: =N28+IF(M28/5<$Q$15/5,1,FLOOR(M28/5,1)-1) -> 12
A30: Reflex | M30: 13 | N30: =N29+IF(M29/5<$Q$15/5,1,FLOOR(M29/5,1)-1) -> 13
... A51: Davek | M51: 34 | N51: =N50+IF(M50/5<$Q$15/5,1,FLOOR(M50/5,1)-1) -> 80
A52: Geovek
A53: Goblin
A54: Gnomish
A55: Volken
A56: Skill Bonus
A57: Earthen Ingenuity | D57: The complexity for checks that involve working with stone or metal is reduced by 1.
A58: =FALSE() -> FALSE | D58: The complexity for checks that involve FALSE is reduced by 1.
A59: Olfactory Savant | D59: The complexity for checks that involve working with stone or metal is reduced by 1.
A60: =FALSE() -> FALSE | D60: The complexity for checks that involve FALSE is reduced by 1.
A61: Influential | D61: The complexity for checks that involve negotiating and bargaining is reduced by 1.
A62: Innocent Demeanor | D62: The complexity for checks that involve appearing innocent or harmless is reduced by 1.
A63: Menacing | D63: The complexity for checks that involve appearing threatening is reduced by 1.
A64: Deceptive | D64: The complexity for checks that involve deceiving or detecting deception is reduced by 1.
A65: Keen Ears | D65: The complexity for checks that involve detecting or tracking sounds is reduced by 1.
A66: Diplomatic Demeanor | D66: The complexity for checks that involve positively influencing others is reduced by 1.
A67: Keen Perception | D67: The complexity for checks that involve THE NATURAL ENVIRONMENT??? is reduced by 1.
A68: Arcane Knack | D68: The complexity for checks that involve determing or handling ethereal forces is reduced by 1.
A69: Mechanical Proficiency | D69: The complexity for checks that involve interacting with technology and constructs is reduced by 1.
A70: Athletic | D70: The complexity for checks that involve running and jumping is reduced by 1.
A71: Feline Grace | D71: The complexity for checks that involve balancing and acrobatics is reduced by 1.
A72: Botany | D72: The complexity for checks that involve handling plants and herbs is reduced by 1.
A73: Weapon Proficiency | D73: ="You gain a +1 bonus to attack rolls with "&A73&"." -> You gain a +1 bonus to attack rolls with Weapon Proficiency.
A74: Light Armor | D74: ="You gain a +1 bonus to attack rolls with "&A74&"." -> You gain a +1 bonus to attack rolls with Light Armor.
A75: Heavy Armor | D75: ="You gain a +1 bonus to attack rolls with "&A75&"." -> You gain a +1 bonus to attack rolls with Heavy Armor.
A76: Shields | D76: ="You gain a +1 bonus to attack rolls with "&A76&"." -> You gain a +1 bonus to attack rolls with Shields.
A77: Exotic Weapons | D77: ="You gain a +1 bonus to attack rolls with "&A77&"." -> You gain a +1 bonus to attack rolls with Exotic Weapons.
A78: Archery | D78: ="You gain a +1 bonus to attack rolls with "&A78&" weapons." -> You gain a +1 bonus to attack rolls with Archery weapons.
A79: Crossbows | D79: ="You gain a +1 bonus to attack rolls with "&A79&"." -> You gain a +1 bonus to attack rolls with Crossbows.
A80: Hand-to-Hand Weapons | D80: ="You gain a +1 bonus to attack rolls with "&A80&"." -> You gain a +1 bonus to attack rolls with Hand-to-Hand Weapons.
A81: Improvised Weaponry | D81: ="You gain a +1 bonus to attack rolls with "&A81&"." -> You gain a +1 bonus to attack rolls with Improvised Weaponry.
A82: Magicka | D82: ="You gain a +1 bonus to attack rolls with "&A82&"." -> You gain a +1 bonus to attack rolls with Magicka.
A83: Axes | D83: ="You gain a +1 bonus to attack rolls with "&A83&"." -> You gain a +1 bonus to attack rolls with Axes.
A84: Maces | D84: ="You gain a +1 bonus to attack rolls with "&A84&"." -> You gain a +1 bonus to attack rolls with Maces.
A85: Swords | D85: ="You gain a +1 bonus to attack rolls with "&A85&"." -> You gain a +1 bonus to attack rolls with Swords.
A86: Polearms | D86: ="You gain a +1 bonus to attack rolls with "&A86&"." -> You gain a +1 bonus to attack rolls with Polearms.
A87: Staves | D87: ="You gain a +1 bonus to attack rolls with "&A87&"." -> You gain a +1 bonus to attack rolls with Staves.
A88: Two-Handed Axes | D88: ="You gain a +1 bonus to attack rolls with "&A88&"." -> You gain a +1 bonus to attack rolls with Two-Handed Axes.
A89: Two-Handed Maces | D89: ="You gain a +1 bonus to attack rolls with "&A89&"." -> You gain a +1 bonus to attack rolls with Two-Handed Maces.
A90: Two-Handed Swords | D90: ="You gain a +1 bonus to attack rolls with "&A90&"." -> You gain a +1 bonus to attack rolls with Two-Handed Swords.
A91: Daggers | D91: ="You gain a +1 bonus to attack rolls with "&A91&"." -> You gain a +1 bonus to attack rolls with Daggers.
A92: Throwing | D92: ="You gain a +1 bonus to attack rolls with "&A92&" weapons." -> You gain a +1 bonus to attack rolls with Throwing weapons.
A93: Training Focus | D93: You gain a +1 bonus on attack rolls with the chosen weapon type.
A94: Arcane Proficiency | D94: You gain a +1 bonus to attack rolls with spells of your chosen attunment.
A95: Flanking | D95: You gain a +1 bonus to attack rolls against enemies you are flanking.
A96: Vision
A97: Eclipsed Vision | D97: You can see just as well in darkness as you can in bright light or normal light, but you have difficulty seeing in low light conditions.
A98: Lesser Ethereal Vision | D98: You can see well in normal light conditions, but poorly in low light and you cannot see in darkness. In any light, you can see always faintly see any creature with a soul.
A99: Normal Vision | D99: You can see well in normal light conditions, but poorly in low light conditions and you cannot see in darkness.
A100: Penumbra Vision | D100: You can see well in bright light and low light conditions, but you cannot see in darkness.
A101: Reflective Vision | D101: You can see extremely well in low light to near darkness. Your eyes seem to glow in certain lighting conditions. You can see half as far as a human in daylight conditions.
A102: Shadow Vision | D102: You can see perfectly well in darkness, but cannot see in daylight or other well lit conditions.
A103: Attunement
A104: Fire Attunement | D104: +1 Affinity with Fire Magic
A105: Wind Attunement | D105: +1 Affinity with Air Magic
A106: Cold Attunement | D106: +1 Affinity with Ice Magic
A107: Earthen Attunement | D107: +1 Affinity with Earth Magic
A108: Electrical Attunement | D108: +1 Affinity with Lightning Magic
A109: Water Attunement | D109: +1 Affinity with Water Magic
A110: Null Attunement | D110: -1 Affinity with all elemental magic and +1 bonus to resistance.
A111: Balanced Attunement | D111: +1 resistance
A112: Manakin Attunement | D112: +1 Affinity with elementa magic of your chosen element
A113: Neutral Core | D113: Your soul polarity is neutral.
A114: Dark Soul | D114: +1 Affinity with dark magic, -1 affinity with light magic, and your soul polarity is negative.
A115: Size
A116: Tiny
A117: Small | D117: Your carrying capacity is equal to STR * 1.5, AP Cost for movement increased by 2, -1 penalty to athletics checks, Must use "small" armor and weapons.
A118: Medium | D118: Your carrying capacity is equal to STR * 2.0
A119: Large
A120: Creature Type
...

Sheet General Merits
B1: EXPERIENCE POINTS
B3: Starting | K3: Earned | T3: Spent | AC3: Remaining | AL3: =IF(Race="Human","Human: +10% exp bonus included.","") -> #REF!
B5: 1000 | K5: 0 | T5: =SUM(K:M) -> #REF! | AC5: =SUM(B5,K5,'OLD Pro Sheet'!A70:I71)*IF(Race="Human",1.1,1)-T5 -> #REF!
A8: Chosen | G8: Merit Name | Z8: Cost (Exp) | AH8: Requires | AX8: Description | DS8: Strength | DT8: Agility | DU8: Constitution | DV8: Intelligence | DW8: Wisdom | DX8: Focus | DY8: Charism | DZ8: Insight | EA8: Conviction | EB8: Archery | EC8: Crossbows | ED8: Daggers | EE8: H2H | EF8: Heavy Armor | EG8: Improvised | EH8: Light Armor | EI8: Light Armor | EJ8: Light Armor | EK8: Light Armor | EL8: Light Armor | EM8: Light Armor | EN8: Light Armor | EO8: Light Armor | EP8: Light Armor | EQ8: Light Armor
B10: Ability Score Increase
A13: 0 | G13: Strength | Z13: =STR*5 -> #REF! | AX13: ="Further increases your Strength score from "&STR&" to "&STR+1 -> #REF!
F16: =G13 -> Strength | K16: =(STR*(STR-1)/2-(BaseSTR*(BaseSTR-1))/2)*5 -> #REF! | N16: =IF(AH9<>"",VLOOKUP($G13,'Merit Data'!A:BW,MATCH('Merit Data'!$B$3,'Merit Data'!$3:$3,0),0),TRUE) -> TRUE | X16: =IF(F16>0,HYPERLINK("http://wiki.project-saros.com/w/"&F16,"Info"),"") -> Info
A17: 0 | G17: Agility | Z17: =AGI*5 -> #REF! | AX17: ="Further increases your Agility score from "&AGI&" to "&AGI+1 -> #REF!
F20: =G17 -> Agility | K20: =(AGI*(AGI-1)/2-(BaseAGI*(BaseAGI-1))/2)*5 -> #REF! | N20: =IF(AH13<>"",VLOOKUP($G17,'Merit Data'!A:BW,MATCH('Merit Data'!$B$3,'Merit Data'!$3:$3,0),0),TRUE) -> TRUE | X20: =IF(F20>0,HYPERLINK("http://wiki.project-saros.com/w/"&F20,"Info"),"") -> Info
A21: 0 | G21: Constitution | Z21: =CON*5 -> #REF! | AX21: ="Further increases your Constitution score from "&CON&" to "&CON+1 -> #REF!
F24: =G21 -> Constitution | K24: =(CON*(CON-1)/2-(BaseCON*(BaseCON-1))/2)*5 -> #REF! | N24: =IF(AH17<>"",VLOOKUP($G21,'Merit Data'!A:BW,MATCH('Merit Data'!$B$3,'Merit Data'!$3:$3,0),0),TRUE) -> TRUE | X24: =IF(F24>0,HYPERLINK("http://wiki.project-saros.com/w/"&F24,"Info"),"") -> Info
A25: 0 | G25: Intelligence | Z25: =INT*5 -> #REF! | AX25: ="Further increases your Intelligence score from "&INT&" to "&INT+1 -> #REF!
F28: =G25 -> Intelligence | K28: =(INT*(INT-1)/2-(BaseINT*(BaseINT-1))/2)*5 -> #REF! | N28: =IF(AH21<>"",VLOOKUP($G25,'Merit Data'!A:BW,MATCH('Merit Data'!$B$3,'Merit Data'!$3:$3,0),0),TRUE) -> TRUE | X28: =IF(F28>0,HYPERLINK("http://wiki.project-saros.com/w/"&F28,"Info"),"") -> Info
A29: 0 | G29: Wisdom | Z29: =WIS*5 -> #REF! | AX29: ="Further increases your Wisdom score from "&WIS&" to "&WIS+1 -> #REF!
F32: =G29 -> Wisdom | K32: =(WIS*(WIS-1)/2-(BaseWIS*(BaseWIS-1))/2)*5 -> #REF! | N32: =IF(AH25<>"",VLOOKUP($G29,'Merit Data'!A:BW,MATCH('Merit Data'!$B$3,'Merit Data'!$3:$3,0),0),TRUE) -> TRUE | X32: =IF(F32>0,HYPERLINK("http://wiki.project-saros.com/w/"&F32,"Info"),"") -> Info
A33: 0 | G33: Focus | Z33: =FOC*5 -> #REF! | AX33: ="Further increases your Focus score from "&FOC&" to "&FOC+1 -> #REF!
F36: =G33 -> Focus | K36: =(FOC*(FOC-1)/2-(BaseFOC*(BaseFOC-1))/2)*5 -> #REF! | N36: =IF(AH29<>"",VLOOKUP($G33,'Merit Data'!A:BW,MATCH('Merit Data'!$B$3,'Merit Data'!$3:$3,0),0),TRUE) -> TRUE | X36: =IF(F36>0,HYPERLINK("http://wiki.project-saros.com/w/"&F36,"Info"),"") -> Info
A37: 0 | G37: Charisma | Z37: =CHA*5 -> #REF! | AX37: ="Further increases your Charisma score from "&CHA&" to "&CHA+1 -> #REF!
F40: =G37 -> Charisma | K40: =(CHA*(CHA-1)/2-(BaseCHA*(BaseCHA-1))/2)*5 -> #REF! | N40: =IF(AH33<>"",VLOOKUP($G37,'Merit Data'!A:BW,MATCH('Merit Data'!$B$3,'Merit Data'!$3:$3,0),0),TRUE) -> TRUE | X40: =IF(F40>0,HYPERLINK("http://wiki.project-saros.com/w/"&F40,"Info"),"") -> Info
A41: 0 | G41: Insight | Z41: =INS*5 -> #REF! | AX41: ="Further increases your Insight score from "&INS&" to "&INS+1 -> #REF!
F44: =G41 -> Insight | K44: =(INS*(INS-1)/2-(BaseINS*(BaseINS-1))/2)*5 -> #REF! | N44: =IF(AH37<>"",VLOOKUP($G41,'Merit Data'!A:BW,MATCH('Merit Data'!$B$3,'Merit Data'!$3:$3,0),0),TRUE) -> TRUE | X44: =IF(F44>0,HYPERLINK("http://wiki.project-saros.com/w/"&F44,"Info"),"") -> Info
A45: 0 | G45: Conviction | Z45: =CNV*5 -> #REF! | AX45: ="Further increases your Conviction score from "&CNV&" to "&CNV+1 -> #REF!
F48: =G45 -> Conviction | K48: =(CNV*(CNV-1)/2-(BaseCNV*(BaseCNV-1))/2)*5 -> #REF! | N48: =IF(AH41<>"",VLOOKUP($G45,'Merit Data'!A:BW,MATCH('Merit Data'!$B$3,'Merit Data'!$3:$3,0),0),TRUE) -> TRUE | X48: =IF(F48>0,HYPERLINK("http://wiki.project-saros.com/w/"&F48,"Info"),"") -> Info
A49: Combat Skills
A52: 0 | G52: Archery | Z52: =FLOOR(Archery/5+1,1)*10 -> #REF! | AX52: ="Further increases your "&G52&" skill from "&INDIRECT(SUBSTITUTE(G52," ",""))&" to "&INDIRECT(SUBSTITUTE(G52," ",""))+1 -> #REF!
F55: =G52 -> Archery | K55: =(FLOOR(INDIRECT(SUBSTITUTE(SUBSTITUTE(G52,"-","")," ",""))/5,1)*(FLOOR(INDIRECT(SUBSTITUTE(SUBSTITUTE(G52,"-","")," ",""))/5,1)+1)/2)*50+MOD(INDIRECT(SUBSTITUTE(SUBSTITUTE(G52,"-","")," ","")),5)*CEILING(INDIRECT(SUBSTITUTE(SUBSTITUTE(G52,"-","")," ",""))/5,1)*10-((FLOOR(INDIRECT("Base"&SUBSTITUTE(SUBSTITUTE(G52,"-","")," ",""))/5,1)*(FLOOR(INDIRECT("Base"&SUBSTITUTE(SUBSTITUTE(G52,"-","")," ",""))/5,1)+1)/2)*50+MOD(INDIRECT("Base"&SUBSTITUTE(SUBSTITUTE(G52,"-","")," ","")),5)*CEILING(INDIRECT("Base"&SUBSTITUTE(SUBSTITUTE(G52,"-","")," ",""))/5,1)*10) -> #REF! | N55: =IF(AH48<>"",VLOOKUP($G52,'Merit Data'!A:BW,MATCH('Merit Data'!$B$3,'Merit Data'!$3:$3,0),0),TRUE) -> TRUE | X55: =IF(F55>0,HYPERLINK("http://wiki.project-saros.com/w/"&F55,"Info"),"") -> Info
A56: 0 | G56: Axes | Z56: =FLOOR(Axes/5+1,1)*10 -> #REF! | AX56: ="Further increases your "&G56&" skill from "&Axes&" to "&Axes+1 -> #REF!
F59: =G56 -> Axes | K59: =(FLOOR(INDIRECT(SUBSTITUTE(SUBSTITUTE(G56,"-","")," ",""))/5,1)*(FLOOR(INDIRECT(SUBSTITUTE(SUBSTITUTE(G56,"-","")," ",""))/5,1)+1)/2)*50+MOD(INDIRECT(SUBSTITUTE(SUBSTITUTE(G56,"-","")," ","")),5)*CEILING(INDIRECT(SUBSTITUTE(SUBSTITUTE(G56,"-","")," ",""))/5,1)*10-((FLOOR(INDIRECT("Base"&SUBSTITUTE(SUBSTITUTE(G56,"-","")," ",""))/5,1)*(FLOOR(INDIRECT("Base"&SUBSTITUTE(SUBSTITUTE(G56,"-","")," ",""))/5,1)+1)/2)*50+MOD(INDIRECT("Base"&SUBSTITUTE(SUBSTITUTE(G56,"-","")," ","")),5)*CEILING(INDIRECT("Base"&SUBSTITUTE(SUBSTITUTE(G56,"-","")," ",""))/5,1)*10) -> #REF! | N59: =IF(AH88<>"",VLOOKUP($G56,'Merit Data'!A:BW,MATCH('Merit Data'!$B$3,'Merit Data'!$3:$3,0),0),TRUE) -> TRUE | X59: =IF(F59>0,HYPERLINK("http://wiki.project-saros.com/w/"&F59,"Info"),"") -> Info
A60: 0 | G60: Crossbows | Z60: =FLOOR(Crossbows/5+1,1)*10 -> #REF! | AX60: ="Further increases your "&G60&" skill from "&INDIRECT(SUBSTITUTE(G60," ",""))&" to "&INDIRECT(SUBSTITUTE(G60," ",""))+1 -> #REF!
F63: =G60 -> Crossbows | K63: =(FLOOR(INDIRECT(SUBSTITUTE(SUBSTITUTE(G60,"-","")," ",""))/5,1)*(FLOOR(INDIRECT(SUBSTITUTE(SUBSTITUTE(G60,"-","")," ",""))/5,1)+1)/2)*50+MOD(INDIRECT(SUBSTITUTE(SUBSTITUTE(G60,"-","")," ","")),5)*CEILING(INDIRECT(SUBSTITUTE(SUBSTITUTE(G60,"-","")," ",""))/5,1)*10-((FLOOR(INDIRECT("Base"&SUBSTITUTE(SUBSTITUTE(G60,"-","")," ",""))/5,1)*(FLOOR(INDIRECT("Base"&SUBSTITUTE(SUBSTITUTE(G60,"-","")," ",""))/5,1)+1)/2)*50+MOD(INDIRECT("Base"&SUBSTITUTE(SUBSTITUTE(G60,"-","")," ","")),5)*CEILING(INDIRECT("Base"&SUBSTITUTE(SUBSTITUTE(G60,"-","")," ",""))/5,1)*10) -> #REF! | N63: =IF(AH52<>"",VLOOKUP($G60,'Merit Data'!A:BW,MATCH('Merit Data'!$B$3,'Merit Data'!$3:$3,0),0),TRUE) -> TRUE | X63: =IF(F63>0,HYPERLINK("http://wiki.project-saros.com/w/"&F63,"Info"),"") -> Info
A64: 0 | G64: Daggers | Z64: =FLOOR(Daggers/5+1,1)*10 -> #REF! | AX64: ="Further increases your "&G64&" skill from "&INDIRECT(SUBSTITUTE(G64," ",""))&" to "&INDIRECT(SUBSTITUTE(G64," ",""))+1 -> #REF!
F67: =G64 -> Daggers | K67: =(FLOOR(INDIRECT(SUBSTITUTE(SUBSTITUTE(G64,"-","")," ",""))/5,1)*(FLOOR(INDIRECT(SUBSTITUTE(SUBSTITUTE(G64,"-","")," ",""))/5,1)+1)/2)*50+MOD(INDIRECT(SUBSTITUTE(SUBSTITUTE(G64,"-","")," ","")),5)*CEILING(INDIRECT(SUBSTITUTE(SUBSTITUTE(G64,"-","")," ",""))/5,1)*10-((FLOOR(INDIRECT("Base"&SUBSTITUTE(SUBSTITUTE(G64,"-","")," ",""))/5,1)*(FLOOR(INDIRECT("Base"&SUBSTITUTE(SUBSTITUTE(G64,"-","")," ",""))/5,1)+1)/2)*50+MOD(INDIRECT("Base"&SUBSTITUTE(SUBSTITUTE(G64,"-","")," ","")),5)*CEILING(INDIRECT("Base"&SUBSTITUTE(SUBSTITUTE(G64,"-","")," ",""))/5,1)*10) -> #REF! | N67: =IF(AH60<>"",VLOOKUP($G64,'Merit Data'!A:BW,MATCH('Merit Data'!$B$3,'Merit Data'!$3:$3,0),0),TRUE) -> TRUE | X67: =IF(F67>0,HYPERLINK("http://wiki.project-saros.com/w/"&F67,"Info"),"") -> Info
A68: 0 | G68: Hand-to-Hand Combat | Z68: =FLOOR(HandtoHandCombat/5+1,1)*10 -> #REF! | AX68: ="Further increases your "&G68&" skill from "&HandtoHandCombat&" to "&HandtoHandCombat+1 -> #REF!
F71: =G68 -> Hand-to-Hand Combat | K71: =(FLOOR(INDIRECT(SUBSTITUTE(SUBSTITUTE(G68,"-","")," ",""))/5,1)*(FLOOR(INDIRECT(SUBSTITUTE(SUBSTITUTE(G68,"-","")," ",""))/5,1)+1)/2)*50+MOD(INDIRECT(SUBSTITUTE(SUBSTITUTE(G68,"-","")," ","")),5)*CEILING(INDIRECT(SUBSTITUTE(SUBSTITUTE(G68,"-","")," ",""))/5,1)*10-((FLOOR(INDIRECT("Base"&SUBSTITUTE(SUBSTITUTE(G68,"-","")," ",""))/5,1)*(FLOOR(INDIRECT("Base"&SUBSTITUTE(SUBSTITUTE(G68,"-","")," ",""))/5,1)+1)/2)*50+MOD(INDIRECT("Base"&SUBSTITUTE(SUBSTITUTE(G68,"-","")," ","")),5)*CEILING(INDIRECT("Base"&SUBSTITUTE(SUBSTITUTE(G68,"-","")," ",""))/5,1)*10) -> #REF! | N71: =IF(AH64<>"",VLOOKUP($G68,'Merit Data'!A:BW,MATCH('Merit Data'!$B$3,'Merit Data'!$3:$3,0),0),TRUE) -> TRUE | X71: =IF(F71>0,HYPERLINK("http://wiki.project-saros.com/w/"&F71,"Info"),"") -> Info
A72: 0 | G72: Heavy Armor | Z72: =FLOOR(HeavyArmor/5+1,1)*10 -> #REF! | AX72: ="Further increases your "&G72&" skill from "&INDIRECT(SUBSTITUTE(G72," ",""))&" to "&INDIRECT(SUBSTITUTE(G72," ",""))+1 -> #REF!
F75: =G72 -> Heavy Armor | K75: =(FLOOR(INDIRECT(SUBSTITUTE(SUBSTITUTE(G72,"-","")," ",""))/5,1)*(FLOOR(INDIRECT(SUBSTITUTE(SUBSTITUTE(G72,"-","")," ",""))/5,1)+1)/2)*50+MOD(INDIRECT(SUBSTITUTE(SUBSTITUTE(G72,"-","")," ","")),5)*CEILING(INDIRECT(SUBSTITUTE(SUBSTITUTE(G72,"-","")," ",""))/5,1)*10-((FLOOR(INDIRECT("Base"&SUBSTITUTE(SUBSTITUTE(G72,"-","")," ",""))/5,1)*(FLOOR(INDIRECT("Base"&SUBSTITUTE(SUBSTITUTE(G72,"-","")," ",""))/5,1)+1)/2)*50+MOD(INDIRECT("Base"&SUBSTITUTE(SUBSTITUTE(G72,"-","")," ","")),5)*CEILING(INDIRECT("Base"&SUBSTITUTE(SUBSTITUTE(G72,"-","")," ",""))/5,1)*10) -> #REF! | N75: =IF(AH68<>"",VLOOKUP($G72,'Merit Data'!A:BW,MATCH('Merit Data'!$B$3,'Merit Data'!$3:$3,0),0),TRUE) -> TRUE | X75: =IF(F75>0,HYPERLINK("http://wiki.project-saros.com/w/"&F75,"Info"),"") -> Info
A76: 0 | G76: Improvised Weaponry | Z76: =FLOOR(ImprovisedWeaponry/5+1,1)*10 -> #NAME? | AX76: ="Further increases your "&G76&" skill from "&ImprovisedWeaponry&" to "&ImprovisedWeaponry+1 -> #NAME?
F79: =G76 -> Improvised Weaponry | K79: =(FLOOR(INDIRECT(SUBSTITUTE(SUBSTITUTE(G76,"-","")," ",""))/5,1)*(FLOOR(INDIRECT(SUBSTITUTE(SUBSTITUTE(G76,"-","")," ",""))/5,1)+1)/2)*50+MOD(INDIRECT(SUBSTITUTE(SUBSTITUTE(G76,"-","")," ","")),5)*CEILING(INDIRECT(SUBSTITUTE(SUBSTITUTE(G76,"-","")," ",""))/5,1)*10-((FLOOR(INDIRECT("Base"&SUBSTITUTE(SUBSTITUTE(G76,"-","")," ",""))/5,1)*(FLOOR(INDIRECT("Base"&SUBSTITUTE(SUBSTITUTE(G76,"-","")," ",""))/5,1)+1)/2)*50+MOD(INDIRECT("Base"&SUBSTITUTE(SUBSTITUTE(G76,"-","")," ","")),5)*CEILING(INDIRECT("Base"&SUBSTITUTE(SUBSTITUTE(G76,"-","")," ",""))/5,1)*10) -> #REF! | N79: =IF(AH72<>"",VLOOKUP($G76,'Merit Data'!A:BW,MATCH('Merit Data'!$B$3,'Merit Data'!$3:$3,0),0),TRUE) -> TRUE | X79: =IF(F79>0,HYPERLINK("http://wiki.project-saros.com/w/"&F79,"Info"),"") -> Info
A80: 0 | G80: Light Armor | Z80: =FLOOR(LightArmor/5+1,1)*10 -> #REF! | AX80: ="Further increases your "&G80&" skill from "&INDIRECT(SUBSTITUTE(G80," ",""))&" to "&INDIRECT(SUBSTITUTE(G80," ",""))+1 -> #REF!
F83: =G80 -> Light Armor | K83: =(FLOOR(INDIRECT(SUBSTITUTE(SUBSTITUTE(G80,"-","")," ",""))/5,1)*(FLOOR(INDIRECT(SUBSTITUTE(SUBSTITUTE(G80,"-","")," ",""))/5,1)+1)/2)*50+MOD(INDIRECT(SUBSTITUTE(SUBSTITUTE(G80,"-","")," ","")),5)*CEILING(INDIRECT(SUBSTITUTE(SUBSTITUTE(G80,"-","")," ",""))/5,1)*10-((FLOOR(INDIRECT("Base"&SUBSTITUTE(SUBSTITUTE(G80,"-","")," ",""))/5,1)*(FLOOR(INDIRECT("Base"&SUBSTITUTE(SUBSTITUTE(G80,"-","")," ",""))/5,1)+1)/2)*50+MOD(INDIRECT("Base"&SUBSTITUTE(SUBSTITUTE(G80,"-","")," ","")),5)*CEILING(INDIRECT("Base"&SUBSTITUTE(SUBSTITUTE(G80,"-","")," ",""))/5,1)*10) -> #REF! | N83: =IF(AH76<>"",VLOOKUP($G80,'Merit Data'!A:BW,MATCH('Merit Data'!$B$3,'Merit Data'!$3:$3,0),0),TRUE) -> TRUE | X83: =IF(F83>0,HYPERLINK("http://wiki.project-saros.com/w/"&F83,"Info"),"") -> Info
A84: 0 | G84: Maces | Z84: =FLOOR(Maces/5+1,1)*10 -> #REF! | AX84: ="Further increases your "&G84&" skill from "&Maces&" to "&Maces+1 -> #REF!
F87: =G84 -> Maces | K87: =(FLOOR(INDIRECT(SUBSTITUTE(SUBSTITUTE(G84,"-","")," ",""))/5,1)*(FLOOR(INDIRECT(SUBSTITUTE(SUBSTITUTE(G84,"-","")," ",""))/5,1)+1)/2)*50+MOD(INDIRECT(SUBSTITUTE(SUBSTITUTE(G84,"-","")," ","")),5)*CEILING(INDIRECT(SUBSTITUTE(SUBSTITUTE(G84,"-","")," ",""))/5,1)*10-((FLOOR(INDIRECT("Base"&SUBSTITUTE(SUBSTITUTE(G84,"-","")," ",""))/5,1)*(FLOOR(INDIRECT("Base"&SUBSTITUTE(SUBSTITUTE(G84,"-","")," ",""))/5,1)+1)/2)*50+MOD(INDIRECT("Base"&SUBSTITUTE(SUBSTITUTE(G84,"-","")," ","")),5)*CEILING(INDIRECT("Base"&SUBSTITUTE(SUBSTITUTE(G84,"-","")," ",""))/5,1)*10) -> #REF! | N87: =IF(AH56<>"",VLOOKUP($G84,'Merit Data'!A:BW,MATCH('Merit Data'!$B$3,'Merit Data'!$3:$3,0),0),TRUE) -> TRUE | X87: =IF(F87>0,HYPERLINK("http://wiki.project-saros.com/w/"&F87,"Info"),"") -> Info
A88: 0 | G88: Magicka | Z88: =FLOOR(Magicka/5+1,1)*10 -> #REF! | AX88: ="Further increases your "&G88&" skill from "&INDIRECT(SUBSTITUTE(G88," ",""))&" to "&INDIRECT(SUBSTITUTE(G88," ",""))+1 -> #REF!
F91: =G88 -> Magicka | K91: =(FLOOR(INDIRECT(SUBSTITUTE(SUBSTITUTE(G88,"-","")," ",""))/5,1)*(FLOOR(INDIRECT(SUBSTITUTE(SUBSTITUTE(G88,"-","")," ",""))/5,1)+1)/2)*50+MOD(INDIRECT(SUBSTITUTE(SUBSTITUTE(G88,"-","")," ","")),5)*CEILING(INDIRECT(SUBSTITUTE(SUBSTITUTE(G88,"-","")," ",""))/5,1)*10-((FLOOR(INDIRECT("Base"&SUBSTITUTE(SUBSTITUTE(G88,"-","")," ",""))/5,1)*(FLOOR(INDIRECT("Base"&SUBSTITUTE(SUBSTITUTE(G88,"-","")," ",""))/5,1)+1)/2)*50+MOD(INDIRECT("Base"&SUBSTITUTE(SUBSTITUTE(G88,"-","")," ","")),5)*CEILING(INDIRECT("Base"&SUBSTITUTE(SUBSTITUTE(G88,"-","")," ",""))/5,1)*10) -> #REF! | N91: =IF(AH80<>"",VLOOKUP($G88,'Merit Data'!A:BW,MATCH('Merit Data'!$B$3,'Merit Data'!$3:$3,0),0),TRUE) -> TRUE | X91: =IF(F91>0,HYPERLINK("http://wiki.project-saros.com/w/"&F91,"Info"),"") -> Info
A92: 0 | G92: Polearms | Z92: =FLOOR(Polearms/5+1,1)*10 -> #REF! | AX92: ="Further increases your "&G92&" skill from "&INDIRECT(SUBSTITUTE(G92," ",""))&" to "&INDIRECT(SUBSTITUTE(G92," ",""))+1 -> #REF!
F95: =G92 -> Polearms | K95: =(FLOOR(INDIRECT(SUBSTITUTE(SUBSTITUTE(G92,"-","")," ",""))/5,1)*(FLOOR(INDIRECT(SUBSTITUTE(SUBSTITUTE(G92,"-","")," ",""))/5,1)+1)/2)*50+MOD(INDIRECT(SUBSTITUTE(SUBSTITUTE(G92,"-","")," ","")),5)*CEILING(INDIRECT(SUBSTITUTE(SUBSTITUTE(G92,"-","")," ",""))/5,1)*10-((FLOOR(INDIRECT("Base"&SUBSTITUTE(SUBSTITUTE(G92,"-","")," ",""))/5,1)*(FLOOR(INDIRECT("Base"&SUBSTITUTE(SUBSTITUTE(G92,"-","")," ",""))/5,1)+1)/2)*50+MOD(INDIRECT("Base"&SUBSTITUTE(SUBSTITUTE(G92,"-","")," ","")),5)*CEILING(INDIRECT("Base"&SUBSTITUTE(SUBSTITUTE(G92,"-","")," ",""))/5,1)*10) -> #REF! | N95: =IF(AH104<>"",VLOOKUP($G92,'Merit Data'!A:BW,MATCH('Merit Data'!$B$3,'Merit Data'!$3:$3,0),0),TRUE) -> TRUE | X95: =IF(F95>0,HYPERLINK("http://wiki.project-saros.com/w/"&F95,"Info"),"") -> Info
A96: 0 | G96: Shields | Z96: =FLOOR(Shields/5+1,1)*10 -> #REF! | AX96: ="Further increases your "&G96&" skill from "&INDIRECT(SUBSTITUTE(G96," ",""))&" to "&INDIRECT(SUBSTITUTE(G96," ",""))+1 -> #REF!
F99: =G96 -> Shields | K99: =(FLOOR(INDIRECT(SUBSTITUTE(SUBSTITUTE(G96,"-","")," ",""))/5,1)*(FLOOR(INDIRECT(SUBSTITUTE(SUBSTITUTE(G96,"-","")," ",""))/5,1)+1)/2)*50+MOD(INDIRECT(SUBSTITUTE(SUBSTITUTE(G96,"-","")," ","")),5)*CEILING(INDIRECT(SUBSTITUTE(SUBSTITUTE(G96,"-","")," ",""))/5,1)*10-((FLOOR(INDIRECT("Base"&SUBSTITUTE(SUBSTITUTE(G96,"-","")," ",""))/5,1)*(FLOOR(INDIRECT("Base"&SUBSTITUTE(SUBSTITUTE(G96,"-","")," ",""))/5,1)+1)/2)*50+MOD(INDIRECT("Base"&SUBSTITUTE(SUBSTITUTE(G96,"-","")," ","")),5)*CEILING(INDIRECT("Base"&SUBSTITUTE(SUBSTITUTE(G96,"-","")," ",""))/5,1)*10) -> #REF! | N99: =IF(AH92<>"",VLOOKUP($G96,'Merit Data'!A:BW,MATCH('Merit Data'!$B$3,'Merit Data'!$3:$3,0),0),TRUE) -> TRUE | X99: =IF(F99>0,HYPERLINK("http://wiki.project-saros.com/w/"&F99,"Info"),"") -> Info
A100: 0 | G100: Staves | Z100: =FLOOR(Staves/5+1,1)*10 -> #REF! | AX100: ="Further increases your "&G100&" skill from "&INDIRECT(SUBSTITUTE(G100," ",""))&" to "&INDIRECT(SUBSTITUTE(G100," ",""))+1 -> #REF!
F103: =G100 -> Staves | K103: =(FLOOR(INDIRECT(SUBSTITUTE(SUBSTITUTE(G100,"-","")," ",""))/5,1)*(FLOOR(INDIRECT(SUBSTITUTE(SUBSTITUTE(G100,"-","")," ",""))/5,1)+1)/2)*50+MOD(INDIRECT(SUBSTITUTE(SUBSTITUTE(G100,"-","")," ","")),5)*CEILING(INDIRECT(SUBSTITUTE(SUBSTITUTE(G100,"-","")," ",""))/5,1)*10-((FLOOR(INDIRECT("Base"&SUBSTITUTE(SUBSTITUTE(G100,"-","")," ",""))/5,1)*(FLOOR(INDIRECT("Base"&SUBSTITUTE(SUBSTITUTE(G100,"-","")," ",""))/5,1)+1)/2)*50+MOD(INDIRECT("Base"&SUBSTITUTE(SUBSTITUTE(G100,"-","")," ","")),5)*CEILING(INDIRECT("Base"&SUBSTITUTE(SUBSTITUTE(G100,"-","")," ",""))/5,1)*10) -> #REF! | N103: =IF(AH96<>"",VLOOKUP($G100,'Merit Data'!A:BW,MATCH('Merit Data'!$B$3,'Merit Data'!$3:$3,0),0),TRUE) -> TRUE | X103: =IF(F103>0,HYPERLINK("http://wiki.project-saros.com/w/"&F103,"Info"),"") -> Info
A104: 0 | G104: Swords | Z104: =FLOOR(Swords/5+1,1)*10 -> #REF! | AX104: ="Further increases your "&G104&" skill from "&Swords&" to "&Swords+1 -> #REF!
F107: =G104 -> Swords | K107: =(FLOOR(INDIRECT(SUBSTITUTE(SUBSTITUTE(G104,"-","")," ",""))/5,1)*(FLOOR(INDIRECT(SUBSTITUTE(SUBSTITUTE(G104,"-","")," ",""))/5,1)+1)/2)*50+MOD(INDIRECT(SUBSTITUTE(SUBSTITUTE(G104,"-","")," ","")),5)*CEILING(INDIRECT(SUBSTITUTE(SUBSTITUTE(G104,"-","")," ",""))/5,1)*10-((FLOOR(INDIRECT("Base"&SUBSTITUTE(SUBSTITUTE(G104,"-","")," ",""))/5,1)*(FLOOR(INDIRECT("Base"&SUBSTITUTE(SUBSTITUTE(G104,"-","")," ",""))/5,1)+1)/2)*50+MOD(INDIRECT("Base"&SUBSTITUTE(SUBSTITUTE(G104,"-","")," ","")),5)*CEILING(INDIRECT("Base"&SUBSTITUTE(SUBSTITUTE(G104,"-","")," ",""))/5,1)*10) -> #REF! | N107: =IF(AH84<>"",VLOOKUP($G104,'Merit Data'!A:BW,MATCH('Merit Data'!$B$3,'Merit Data'!$3:$3,0),0),TRUE) -> TRUE | X107: =IF(F107>0,HYPERLINK("http://wiki.project-saros.com/w/"&F107,"Info"),"") -> Info
A108: 0 | G108: Throwing | Z108: =FLOOR(Throwing/5+1,1)*10 -> #REF! | AX108: ="Further increases your "&G108&" skill from "&INDIRECT(SUBSTITUTE(G108," ",""))&" to "&INDIRECT(SUBSTITUTE(G108," ",""))+1 -> #REF!
F111: =G108 -> Throwing | K111: =(FLOOR(INDIRECT(SUBSTITUTE(SUBSTITUTE(G108,"-","")," ",""))/5,1)*(FLOOR(INDIRECT(SUBSTITUTE(SUBSTITUTE(G108,"-","")," ",""))/5,1)+1)/2)*50+MOD(INDIRECT(SUBSTITUTE(SUBSTITUTE(G108,"-","")," ","")),5)*CEILING(INDIRECT(SUBSTITUTE(SUBSTITUTE(G108,"-","")," ",""))/5,1)*10-((FLOOR(INDIRECT("Base"&SUBSTITUTE(SUBSTITUTE(G108,"-","")," ",""))/5,1)*(FLOOR(INDIRECT("Base"&SUBSTITUTE(SUBSTITUTE(G108,"-","")," ",""))/5,1)+1)/2)*50+MOD(INDIRECT("Base"&SUBSTITUTE(SUBSTITUTE(G108,"-","")," ","")),5)*CEILING(INDIRECT("Base"&SUBSTITUTE(SUBSTITUTE(G108,"-","")," ",""))/5,1)*10) -> #REF! | N111: =IF(AH100<>"",VLOOKUP($G108,'Merit Data'!A:BW,MATCH('Merit Data'!$B$3,'Merit Data'!$3:$3,0),0),TRUE) -> TRUE | X111: =IF(F111>0,HYPERLINK("http://wiki.project-saros.com/w/"&F111,"Info"),"") -> Info
A112: General Skills
A115: 0 | G115: Acrobatics | Z115: =FLOOR(INDIRECT(G115)/5+1,1)*10 -> #REF! | AX115: ="Further increases your "&G115&" skill from "&INDIRECT(SUBSTITUTE(G115," ",""))&" to "&INDIRECT(SUBSTITUTE(G115," ",""))+1 -> #REF!
F118: =G115 -> Acrobatics | K118: =(FLOOR(INDIRECT(SUBSTITUTE(G115," ",""))/5,1)*(FLOOR(INDIRECT(SUBSTITUTE(G115," ",""))/5,1)+1)/2)*50+MOD(INDIRECT(SUBSTITUTE(G115," ","")),5)*CEILING(INDIRECT(SUBSTITUTE(G115," ",""))/5,1)*10-((FLOOR(INDIRECT("Base"&SUBSTITUTE(G115," ",""))/5,1)*(FLOOR(INDIRECT("Base"&SUBSTITUTE(G115," ",""))/5,1)+1)/2)*50+MOD(INDIRECT("Base"&SUBSTITUTE(G115," ","")),5)*CEILING(INDIRECT("Base"&SUBSTITUTE(G115," ",""))/5,1)*10) -> #REF! | N118: =IF(#REF!<>"",VLOOKUP($G115,'Merit Data'!A:BW,MATCH('Merit Data'!$B$3,'Merit Data'!$3:$3,0),0),TRUE) -> #REF! | X118: =IF(F118>0,HYPERLINK("http://wiki.project-saros.com/w/"&F118,"Info"),"") -> Info
A119: 0 | G119: Appraisal | Z119: =FLOOR(INDIRECT(G119)/5+1,1)*10 -> #REF! | AX119: ="Further increases your "&G119&" skill from "&INDIRECT(SUBSTITUTE(G119," ",""))&" to "&INDIRECT(SUBSTITUTE(G119," ",""))+1 -> #REF!
F122: =G119 -> Appraisal | K122: =(FLOOR(INDIRECT(SUBSTITUTE(G119," ",""))/5,1)*(FLOOR(INDIRECT(SUBSTITUTE(G119," ",""))/5,1)+1)/2)*50+MOD(INDIRECT(SUBSTITUTE(G119," ","")),5)*CEILING(INDIRECT(SUBSTITUTE(G119," ",""))/5,1)*10-((FLOOR(INDIRECT("Base"&SUBSTITUTE(G119," ",""))/5,1)*(FLOOR(INDIRECT("Base"&SUBSTITUTE(G119," ",""))/5,1)+1)/2)*50+MOD(INDIRECT("Base"&SUBSTITUTE(G119," ","")),5)*CEILING(INDIRECT("Base"&SUBSTITUTE(G119," ",""))/5,1)*10) -> #REF! | N122: =IF(AH115<>"",VLOOKUP($G119,'Merit Data'!A:BW,MATCH('Merit Data'!$B$3,'Merit Data'!$3:$3,0),0),TRUE) -> TRUE | X122: =IF(F122>0,HYPERLINK("http://wiki.project-saros.com/w/"&F122,"Info"),"") -> Info
A123: 0 | G123: Athletics | Z123: =FLOOR(INDIRECT(G123)/5+1,1)*10 -> #REF! | AX123: ="Further increases your "&G123&" skill from "&INDIRECT(SUBSTITUTE(G123," ",""))&" to "&INDIRECT(SUBSTITUTE(G123," ",""))+1 -> #REF!
F126: =G123 -> Athletics | K126: =(FLOOR(INDIRECT(SUBSTITUTE(G123," ",""))/5,1)*(FLOOR(INDIRECT(SUBSTITUTE(G123," ",""))/5,1)+1)/2)*50+MOD(INDIRECT(SUBSTITUTE(G123," ","")),5)*CEILING(INDIRECT(SUBSTITUTE(G123," ",""))/5,1)*10-((FLOOR(INDIRECT("Base"&SUBSTITUTE(G123," ",""))/5,1)*(FLOOR(INDIRECT("Base"&SUBSTITUTE(G123," ",""))/5,1)+1)/2)*50+MOD(INDIRECT("Base"&SUBSTITUTE(G123," ","")),5)*CEILING(INDIRECT("Base"&SUBSTITUTE(G123," ",""))/5,1)*10) -> #REF! | N126: =IF(AH119<>"",VLOOKUP($G123,'Merit Data'!A:BW,MATCH('Merit Data'!$B$3,'Merit Data'!$3:$3,0),0),TRUE) -> TRUE | X126: =IF(F126>0,HYPERLINK("http://wiki.project-saros.com/w/"&F126,"Info"),"") -> Info
A127: 0 | G127: Comprehension | Z127: =FLOOR(INDIRECT(G127)/5+1,1)*10 -> #REF! | AX127: ="Further increases your "&G127&" skill from "&INDIRECT(SUBSTITUTE(G127," ",""))&" to "&INDIRECT(SUBSTITUTE(G127," ",""))+1 -> #REF!
F130: =G127 -> Comprehension | K130: =(FLOOR(INDIRECT(SUBSTITUTE(G127," ",""))/5,1)*(FLOOR(INDIRECT(SUBSTITUTE(G127," ",""))/5,1)+1)/2)*50+MOD(INDIRECT(SUBSTITUTE(G127," ","")),5)*CEILING(INDIRECT(SUBSTITUTE(G127," ",""))/5,1)*10-((FLOOR(INDIRECT("Base"&SUBSTITUTE(G127," ",""))/5,1)*(FLOOR(INDIRECT("Base"&SUBSTITUTE(G127," ",""))/5,1)+1)/2)*50+MOD(INDIRECT("Base"&SUBSTITUTE(G127," ","")),5)*CEILING(INDIRECT("Base"&SUBSTITUTE(G127," ",""))/5,1)*10) -> #REF! | N130: =IF(AH123<>"",VLOOKUP($G127,'Merit Data'!A:BW,MATCH('Merit Data'!$B$3,'Merit Data'!$3:$3,0),0),TRUE) -> TRUE | X130: =IF(F130>0,HYPERLINK("http://wiki.project-saros.com/w/"&F130,"Info"),"") -> Info
A131: 0 | G131: Expression | Z131: =FLOOR(INDIRECT(G131)/5+1,1)*10 -> #REF! | AX131: ="Further increases your "&G131&" skill from "&INDIRECT(SUBSTITUTE(G131," ",""))&" to "&INDIRECT(SUBSTITUTE(G131," ",""))+1 -> #REF!
F134: =G131 -> Expression | K134: =(FLOOR(INDIRECT(SUBSTITUTE(G131," ",""))/5,1)*(FLOOR(INDIRECT(SUBSTITUTE(G131," ",""))/5,1)+1)/2)*50+MOD(INDIRECT(SUBSTITUTE(G131," ","")),5)*CEILING(INDIRECT(SUBSTITUTE(G131," ",""))/5,1)*10-((FLOOR(INDIRECT("Base"&SUBSTITUTE(G131," ",""))/5,1)*(FLOOR(INDIRECT("Base"&SUBSTITUTE(G131," ",""))/5,1)+1)/2)*50+MOD(INDIRECT("Base"&SUBSTITUTE(G131," ","")),5)*CEILING(INDIRECT("Base"&SUBSTITUTE(G131," ",""))/5,1)*10) -> #REF! | N134: =IF(AH127<>"",VLOOKUP($G131,'Merit Data'!A:BW,MATCH('Merit Data'!$B$3,'Merit Data'!$3:$3,0),0),TRUE) -> TRUE | X134: =IF(F134>0,HYPERLINK("http://wiki.project-saros.com/w/"&F134,"Info"),"") -> Info
A135: 0 | G135: Perception | Z135: =FLOOR(INDIRECT(G135)/5+1,1)*10 -> #REF! | AX135: ="Further increases your "&G135&" skill from "&INDIRECT(SUBSTITUTE(G135," ",""))&" to "&INDIRECT(SUBSTITUTE(G135," ",""))+1 -> #REF!
F138: =G135 -> Perception | K138: =(FLOOR(INDIRECT(SUBSTITUTE(G135," ",""))/5,1)*(FLOOR(INDIRECT(SUBSTITUTE(G135," ",""))/5,1)+1)/2)*50+MOD(INDIRECT(SUBSTITUTE(G135," ","")),5)*CEILING(INDIRECT(SUBSTITUTE(G135," ",""))/5,1)*10-((FLOOR(INDIRECT("Base"&SUBSTITUTE(G135," ",""))/5,1)*(FLOOR(INDIRECT("Base"&SUBSTITUTE(G135," ",""))/5,1)+1)/2)*50+MOD(INDIRECT("Base"&SUBSTITUTE(G135," ","")),5)*CEILING(INDIRECT("Base"&SUBSTITUTE(G135," ",""))/5,1)*10) -> #REF! | N138: =IF(AH131<>"",VLOOKUP($G135,'Merit Data'!A:BW,MATCH('Merit Data'!$B$3,'Merit Data'!$3:$3,0),0),TRUE) -> TRUE | X138: =IF(F138>0,HYPERLINK("http://wiki.project-saros.com/w/"&F138,"Info"),"") -> Info
A139: 0 | G139: Security | Z139: =FLOOR(INDIRECT(G139)/5+1,1)*10 -> #REF! | AX139: ="Further increases your "&G139&" skill from "&INDIRECT(SUBSTITUTE(G139," ",""))&" to "&INDIRECT(SUBSTITUTE(G139," ",""))+1 -> #REF!
F142: =G139 -> Security | K142: =(FLOOR(INDIRECT(SUBSTITUTE(G139," ",""))/5,1)*(FLOOR(INDIRECT(SUBSTITUTE(G139," ",""))/5,1)+1)/2)*50+MOD(INDIRECT(SUBSTITUTE(G139," ","")),5)*CEILING(INDIRECT(SUBSTITUTE(G139," ",""))/5,1)*10-((FLOOR(INDIRECT("Base"&SUBSTITUTE(G139," ",""))/5,1)*(FLOOR(INDIRECT("Base"&SUBSTITUTE(G139," ",""))/5,1)+1)/2)*50+MOD(INDIRECT("Base"&SUBSTITUTE(G139," ","")),5)*CEILING(INDIRECT("Base"&SUBSTITUTE(G139," ",""))/5,1)*10) -> #REF! | N142: =IF(AH135<>"",VLOOKUP($G139,'Merit Data'!A:BW,MATCH('Merit Data'!$B$3,'Merit Data'!$3:$3,0),0),TRUE) -> TRUE | X142: =IF(F142>0,HYPERLINK("http://wiki.project-saros.com/w/"&F142,"Info"),"") -> Info
A143: 0 | G143: Stealth | Z143: =FLOOR(INDIRECT(SUBSTITUTE(G143," ",""))/5+1,1)*10 -> #REF! | AX143: ="Further increases your "&G143&" skill from "&INDIRECT(SUBSTITUTE(G143," ",""))&" to "&INDIRECT(SUBSTITUTE(G143," ",""))+1 -> #REF!
F146: =G143 -> Stealth | K146: =(FLOOR(INDIRECT(SUBSTITUTE(G143," ",""))/5,1)*(FLOOR(INDIRECT(SUBSTITUTE(G143," ",""))/5,1)+1)/2)*50+MOD(INDIRECT(SUBSTITUTE(G143," ","")),5)*CEILING(INDIRECT(SUBSTITUTE(G143," ",""))/5,1)*10-((FLOOR(INDIRECT("Base"&SUBSTITUTE(G143," ",""))/5,1)*(FLOOR(INDIRECT("Base"&SUBSTITUTE(G143," ",""))/5,1)+1)/2)*50+MOD(INDIRECT("Base"&SUBSTITUTE(G143," ","")),5)*CEILING(INDIRECT("Base"&SUBSTITUTE(G143," ",""))/5,1)*10) -> #REF! | N146: =IF(AH139<>"",VLOOKUP($G143,'Merit Data'!A:BW,MATCH('Merit Data'!$B$3,'Merit Data'!$3:$3,0),0),TRUE) -> TRUE | X146: =IF(F146>0,HYPERLINK("http://wiki.project-saros.com/w/"&F146,"Info"),"") -> Info
A147: 0 | G147: Streetwise | Z147: =FLOOR(INDIRECT(SUBSTITUTE(G147," ",""))/5+1,1)*10 -> #REF! | AX147: ="Further increases your "&G147&" skill from "&INDIRECT(SUBSTITUTE(G147," ",""))&" to "&INDIRECT(SUBSTITUTE(G147," ",""))+1 -> #REF!
F150: =G147 -> Streetwise | K150: =(FLOOR(INDIRECT(SUBSTITUTE(G147," ",""))/5,1)*(FLOOR(INDIRECT(SUBSTITUTE(G147," ",""))/5,1)+1)/2)*50+MOD(INDIRECT(SUBSTITUTE(G147," ","")),5)*CEILING(INDIRECT(SUBSTITUTE(G147," ",""))/5,1)*10-((FLOOR(INDIRECT("Base"&SUBSTITUTE(G147," ",""))/5,1)*(FLOOR(INDIRECT("Base"&SUBSTITUTE(G147," ",""))/5,1)+1)/2)*50+MOD(INDIRECT("Base"&SUBSTITUTE(G147," ","")),5)*CEILING(INDIRECT("Base"&SUBSTITUTE(G147," ",""))/5,1)*10) -> #REF! | N150: =IF(AH143<>"",VLOOKUP($G147,'Merit Data'!A:BW,MATCH('Merit Data'!$B$3,'Merit Data'!$3:$3,0),0),TRUE) -> TRUE | X150: =IF(F150>0,HYPERLINK("http://wiki.project-saros.com/w/"&F150,"Info"),"") -> Info
A151: 0 | G151: Subterfuge | Z151: =FLOOR(INDIRECT(SUBSTITUTE(G151," ",""))/5+1,1)*10 -> #REF! | AX151: ="Further increases your "&G151&" skill from "&INDIRECT(SUBSTITUTE(G151," ",""))&" to "&INDIRECT(SUBSTITUTE(G151," ",""))+1 -> #REF!
F154: =G151 -> Subterfuge | K154: =(FLOOR(INDIRECT(SUBSTITUTE(G151," ",""))/5,1)*(FLOOR(INDIRECT(SUBSTITUTE(G151," ",""))/5,1)+1)/2)*50+MOD(INDIRECT(SUBSTITUTE(G151," ","")),5)*CEILING(INDIRECT(SUBSTITUTE(G151," ",""))/5,1)*10-((FLOOR(INDIRECT("Base"&SUBSTITUTE(G151," ",""))/5,1)*(FLOOR(INDIRECT("Base"&SUBSTITUTE(G151," ",""))/5,1)+1)/2)*50+MOD(INDIRECT("Base"&SUBSTITUTE(G151," ","")),5)*CEILING(INDIRECT("Base"&SUBSTITUTE(G151," ",""))/5,1)*10) -> #REF! | N154: =IF(AH147<>"",VLOOKUP($G151,'Merit Data'!A:BW,MATCH('Merit Data'!$B$3,'Merit Data'!$3:$3,0),0),TRUE) -> TRUE | X154: =IF(F154>0,HYPERLINK("http://wiki.project-saros.com/w/"&F154,"Info"),"") -> Info
A155: 0 | G155: Survival | Z155: =FLOOR(INDIRECT(SUBSTITUTE(G155," ",""))/5+1,1)*10 -> #REF! | AX155: ="Further increases your "&G155&" skill from "&INDIRECT(SUBSTITUTE(G155," ",""))&" to "&INDIRECT(SUBSTITUTE(G155," ",""))+1 -> #REF!
F158: =G155 -> Survival | K158: =(FLOOR(INDIRECT(SUBSTITUTE(G155," ",""))/5,1)*(FLOOR(INDIRECT(SUBSTITUTE(G155," ",""))/5,1)+1)/2)*50+MOD(INDIRECT(SUBSTITUTE(G155," ","")),5)*CEILING(INDIRECT(SUBSTITUTE(G155," ",""))/5,1)*10-((FLOOR(INDIRECT("Base"&SUBSTITUTE(G155," ",""))/5,1)*(FLOOR(INDIRECT("Base"&SUBSTITUTE(G155," ",""))/5,1)+1)/2)*50+MOD(INDIRECT("Base"&SUBSTITUTE(G155," ","")),5)*CEILING(INDIRECT("Base"&SUBSTITUTE(G155," ",""))/5,1)*10) -> #REF! | N158: =IF(AH151<>"",VLOOKUP($G155,'Merit Data'!A:BW,MATCH('Merit Data'!$B$3,'Merit Data'!$3:$3,0),0),TRUE) -> TRUE | X158: =IF(F158>0,HYPERLINK("http://wiki.project-saros.com/w/"&F158,"Info"),"") -> Info
A159: Expertise Skills
A162: 0 | G162: Alchemy | Z162: =FLOOR(INDIRECT(SUBSTITUTE(G162," ",""))/5+1,1)*10 -> #REF! | AX162: ="Further increases your "&G162&" skill from "&INDIRECT(SUBSTITUTE(G162," ",""))&" to "&INDIRECT(SUBSTITUTE(G162," ",""))+1 -> #REF!
F165: =G162 -> Alchemy | K165: =(FLOOR(INDIRECT(SUBSTITUTE(G162," ",""))/5,1)*(FLOOR(INDIRECT(SUBSTITUTE(G162," ",""))/5,1)+1)/2)*50+MOD(INDIRECT(SUBSTITUTE(G162," ","")),5)*CEILING(INDIRECT(SUBSTITUTE(G162," ",""))/5,1)*10-((FLOOR(INDIRECT("Base"&SUBSTITUTE(G162," ",""))/5,1)*(FLOOR(INDIRECT("Base"&SUBSTITUTE(G162," ",""))/5,1)+1)/2)*50+MOD(INDIRECT("Base"&SUBSTITUTE(G162," ","")),5)*CEILING(INDIRECT("Base"&SUBSTITUTE(G162," ",""))/5,1)*10) -> #REF! | N165: =IF(AH158<>"",VLOOKUP($G162,'Merit Data'!A:BW,MATCH('Merit Data'!$B$3,'Merit Data'!$3:$3,0),0),TRUE) -> TRUE | X165: =IF(F165>0,HYPERLINK("http://wiki.project-saros.com/w/"&F165,"Info"),"") -> Info
A166: 0 | G166: Animal Handling | Z166: =FLOOR(INDIRECT(SUBSTITUTE(G166," ",""))/5+1,1)*10 -> #REF! | AX166: ="Further increases your "&G166&" skill from "&INDIRECT(SUBSTITUTE(G166," ",""))&" to "&INDIRECT(SUBSTITUTE(G166," ",""))+1 -> #REF!
F169: =G166 -> Animal Handling | K169: =(FLOOR(INDIRECT(SUBSTITUTE(G166," ",""))/5,1)*(FLOOR(INDIRECT(SUBSTITUTE(G166," ",""))/5,1)+1)/2)*50+MOD(INDIRECT(SUBSTITUTE(G166," ","")),5)*CEILING(INDIRECT(SUBSTITUTE(G166," ",""))/5,1)*10-((FLOOR(INDIRECT("Base"&SUBSTITUTE(G166," ",""))/5,1)*(FLOOR(INDIRECT("Base"&SUBSTITUTE(G166," ",""))/5,1)+1)/2)*50+MOD(INDIRECT("Base"&SUBSTITUTE(G166," ","")),5)*CEILING(INDIRECT("Base"&SUBSTITUTE(G166," ",""))/5,1)*10) -> #REF! | N169: =IF(AH162<>"",VLOOKUP($G166,'Merit Data'!A:BW,MATCH('Merit Data'!$B$3,'Merit Data'!$3:$3,0),0),TRUE) -> TRUE | X169: =IF(F169>0,HYPERLINK("http://wiki.project-saros.com/w/"&F169,"Info"),"") -> Info
A170: 0 | G170: Arcana | Z170: =FLOOR(INDIRECT(SUBSTITUTE(G170," ",""))/5+1,1)*10 -> #REF! | AX170: ="Further increases your "&G170&" skill from "&INDIRECT(SUBSTITUTE(G170," ",""))&" to "&INDIRECT(SUBSTITUTE(G170," ",""))+1 -> #REF!
F173: =G170 -> Arcana | K173: =(FLOOR(INDIRECT(SUBSTITUTE(G170," ",""))/5,1)*(FLOOR(INDIRECT(SUBSTITUTE(G170," ",""))/5,1)+1)/2)*50+MOD(INDIRECT(SUBSTITUTE(G170," ","")),5)*CEILING(INDIRECT(SUBSTITUTE(G170," ",""))/5,1)*10-((FLOOR(INDIRECT("Base"&SUBSTITUTE(G170," ",""))/5,1)*(FLOOR(INDIRECT("Base"&SUBSTITUTE(G170," ",""))/5,1)+1)/2)*50+MOD(INDIRECT("Base"&SUBSTITUTE(G170," ","")),5)*CEILING(INDIRECT("Base"&SUBSTITUTE(G170," ",""))/5,1)*10) -> #REF! | N173: =IF(AH166<>"",VLOOKUP($G170,'Merit Data'!A:BW,MATCH('Merit Data'!$B$3,'Merit Data'!$3:$3,0),0),TRUE) -> TRUE | X173: =IF(F173>0,HYPERLINK("http://wiki.project-saros.com/w/"&F173,"Info"),"") -> Info
A174: 0 | G174: Fletching | Z174: =FLOOR(INDIRECT(SUBSTITUTE(G174," ",""))/5+1,1)*10 -> #REF! | AX174: ="Further increases your "&G174&" skill from "&INDIRECT(SUBSTITUTE(G174," ",""))&" to "&INDIRECT(SUBSTITUTE(G174," ",""))+1 -> #REF!
F177: =G174 -> Fletching | K177: =(FLOOR(INDIRECT(SUBSTITUTE(G174," ",""))/5,1)*(FLOOR(INDIRECT(SUBSTITUTE(G174," ",""))/5,1)+1)/2)*50+MOD(INDIRECT(SUBSTITUTE(G174," ","")),5)*CEILING(INDIRECT(SUBSTITUTE(G174," ",""))/5,1)*10-((FLOOR(INDIRECT("Base"&SUBSTITUTE(G174," ",""))/5,1)*(FLOOR(INDIRECT("Base"&SUBSTITUTE(G174," ",""))/5,1)+1)/2)*50+MOD(INDIRECT("Base"&SUBSTITUTE(G174," ","")),5)*CEILING(INDIRECT("Base"&SUBSTITUTE(G174," ",""))/5,1)*10) -> #REF! | N177: =IF(AH170<>"",VLOOKUP($G174,'Merit Data'!A:BW,MATCH('Merit Data'!$B$3,'Merit Data'!$3:$3,0),0),TRUE) -> TRUE | X177: =IF(F177>0,HYPERLINK("http://wiki.project-saros.com/w/"&F177,"Info"),"") -> Info
A178: 0 | G178: Leatherworking | Z178: =FLOOR(INDIRECT(SUBSTITUTE(G178," ",""))/5+1,1)*10 -> #REF! | AX178: ="Further increases your "&G178&" skill from "&INDIRECT(SUBSTITUTE(G178," ",""))&" to "&INDIRECT(SUBSTITUTE(G178," ",""))+1 -> #REF!
F181: =G178 -> Leatherworking | K181: =(FLOOR(INDIRECT(SUBSTITUTE(G178," ",""))/5,1)*(FLOOR(INDIRECT(SUBSTITUTE(G178," ",""))/5,1)+1)/2)*50+MOD(INDIRECT(SUBSTITUTE(G178," ","")),5)*CEILING(INDIRECT(SUBSTITUTE(G178," ",""))/5,1)*10-((FLOOR(INDIRECT("Base"&SUBSTITUTE(G178," ",""))/5,1)*(FLOOR(INDIRECT("Base"&SUBSTITUTE(G178," ",""))/5,1)+1)/2)*50+MOD(INDIRECT("Base"&SUBSTITUTE(G178," ","")),5)*CEILING(INDIRECT("Base"&SUBSTITUTE(G178," ",""))/5,1)*10) -> #REF! | N181: =IF(AH174<>"",VLOOKUP($G178,'Merit Data'!A:BW,MATCH('Merit Data'!$B$3,'Merit Data'!$3:$3,0),0),TRUE) -> TRUE | X181: =IF(F181>0,HYPERLINK("http://wiki.project-saros.com/w/"&F181,"Info"),"") -> Info
A182: 0 | G182: Medicine | Z182: =FLOOR(INDIRECT(SUBSTITUTE(G182," ",""))/5+1,1)*10 -> #REF! | AX182: ="Further increases your "&G182&" skill from "&INDIRECT(SUBSTITUTE(G182," ",""))&" to "&INDIRECT(SUBSTITUTE(G182," ",""))+1 -> #REF!
F185: =G182 -> Medicine | K185: =(FLOOR(INDIRECT(SUBSTITUTE(G182," ",""))/5,1)*(FLOOR(INDIRECT(SUBSTITUTE(G182," ",""))/5,1)+1)/2)*50+MOD(INDIRECT(SUBSTITUTE(G182," ","")),5)*CEILING(INDIRECT(SUBSTITUTE(G182," ",""))/5,1)*10-((FLOOR(INDIRECT("Base"&SUBSTITUTE(G182," ",""))/5,1)*(FLOOR(INDIRECT("Base"&SUBSTITUTE(G182," ",""))/5,1)+1)/2)*50+MOD(INDIRECT("Base"&SUBSTITUTE(G182," ","")),5)*CEILING(INDIRECT("Base"&SUBSTITUTE(G182," ",""))/5,1)*10) -> #REF! | N185: =IF(AH178<>"",VLOOKUP($G182,'Merit Data'!A:BW,MATCH('Merit Data'!$B$3,'Merit Data'!$3:$3,0),0),TRUE) -> TRUE | X185: =IF(F185>0,HYPERLINK("http://wiki.project-saros.com/w/"&F185,"Info"),"") -> Info
A186: 0 | G186: Smithing | Z186: =FLOOR(INDIRECT(SUBSTITUTE(G186," ",""))/5+1,1)*10 -> #REF! | AX186: ="Further increases your "&G186&" skill from "&INDIRECT(SUBSTITUTE(G186," ",""))&" to "&INDIRECT(SUBSTITUTE(G186," ",""))+1 -> #REF!
F189: =G186 -> Smithing | K189: =(FLOOR(INDIRECT(SUBSTITUTE(G186," ",""))/5,1)*(FLOOR(INDIRECT(SUBSTITUTE(G186," ",""))/5,1)+1)/2)*50+MOD(INDIRECT(SUBSTITUTE(G186," ","")),5)*CEILING(INDIRECT(SUBSTITUTE(G186," ",""))/5,1)*10-((FLOOR(INDIRECT("Base"&SUBSTITUTE(G186," ",""))/5,1)*(FLOOR(INDIRECT("Base"&SUBSTITUTE(G186," ",""))/5,1)+1)/2)*50+MOD(INDIRECT("Base"&SUBSTITUTE(G186," ","")),5)*CEILING(INDIRECT("Base"&SUBSTITUTE(G186," ",""))/5,1)*10) -> #REF! | N189: =IF(AH182<>"",VLOOKUP($G186,'Merit Data'!A:BW,MATCH('Merit Data'!$B$3,'Merit Data'!$3:$3,0),0),TRUE) -> TRUE | X189: =IF(F189>0,HYPERLINK("http://wiki.project-saros.com/w/"&F189,"Info"),"") -> Info
A190: 0 | G190: Tailoring | Z190: =FLOOR(INDIRECT(SUBSTITUTE(G190," ",""))/5+1,1)*10 -> #REF! | AX190: ="Further increases your "&G190&" skill from "&INDIRECT(SUBSTITUTE(G190," ",""))&" to "&INDIRECT(SUBSTITUTE(G190," ",""))+1 -> #REF!
F193: =G190 -> Tailoring | K193: =(FLOOR(INDIRECT(SUBSTITUTE(G190," ",""))/5,1)*(FLOOR(INDIRECT(SUBSTITUTE(G190," ",""))/5,1)+1)/2)*50+MOD(INDIRECT(SUBSTITUTE(G190," ","")),5)*CEILING(INDIRECT(SUBSTITUTE(G190," ",""))/5,1)*10-((FLOOR(INDIRECT("Base"&SUBSTITUTE(G190," ",""))/5,1)*(FLOOR(INDIRECT("Base"&SUBSTITUTE(G190," ",""))/5,1)+1)/2)*50+MOD(INDIRECT("Base"&SUBSTITUTE(G190," ","")),5)*CEILING(INDIRECT("Base"&SUBSTITUTE(G190," ",""))/5,1)*10) -> #REF! | N193: =IF(AH186<>"",VLOOKUP($G190,'Merit Data'!A:BW,MATCH('Merit Data'!$B$3,'Merit Data'!$3:$3,0),0),TRUE) -> TRUE | X193: =IF(F193>0,HYPERLINK("http://wiki.project-saros.com/w/"&F193,"Info"),"") -> Info
A194: 0 | G194: Technology | Z194: =FLOOR(INDIRECT(SUBSTITUTE(G194," ",""))/5+1,1)*10 -> #REF! | AX194: ="Further increases your "&G194&" skill from "&INDIRECT(SUBSTITUTE(G194," ",""))&" to "&INDIRECT(SUBSTITUTE(G194," ",""))+1 -> #REF!
F197: =G194 -> Technology | K197: =(FLOOR(INDIRECT(SUBSTITUTE(G194," ",""))/5,1)*(FLOOR(INDIRECT(SUBSTITUTE(G194," ",""))/5,1)+1)/2)*50+MOD(INDIRECT(SUBSTITUTE(G194," ","")),5)*CEILING(INDIRECT(SUBSTITUTE(G194," ",""))/5,1)*10-((FLOOR(INDIRECT("Base"&SUBSTITUTE(G194," ",""))/5,1)*(FLOOR(INDIRECT("Base"&SUBSTITUTE(G194," ",""))/5,1)+1)/2)*50+MOD(INDIRECT("Base"&SUBSTITUTE(G194," ","")),5)*CEILING(INDIRECT("Base"&SUBSTITUTE(G194," ",""))/5,1)*10) -> #REF! | N197: =IF(AH190<>"",VLOOKUP($G194,'Merit Data'!A:BW,MATCH('Merit Data'!$B$3,'Merit Data'!$3:$3,0),0),TRUE) -> TRUE | X197: =IF(F197>0,HYPERLINK("http://wiki.project-saros.com/w/"&F197,"Info"),"") -> Info
A198: 0 | G198: Theology | Z198: =FLOOR(INDIRECT(SUBSTITUTE(G198," ",""))/5+1,1)*10 -> #REF! | AX198: ="Further increases your "&G198&" skill from "&INDIRECT(SUBSTITUTE(G198," ",""))&" to "&INDIRECT(SUBSTITUTE(G198," ",""))+1 -> #REF!
F201: =G198 -> Theology | K201: =(FLOOR(INDIRECT(SUBSTITUTE(G198," ",""))/5,1)*(FLOOR(INDIRECT(SUBSTITUTE(G198," ",""))/5,1)+1)/2)*50+MOD(INDIRECT(SUBSTITUTE(G198," ","")),5)*CEILING(INDIRECT(SUBSTITUTE(G198," ",""))/5,1)*10-((FLOOR(INDIRECT("Base"&SUBSTITUTE(G198," ",""))/5,1)*(FLOOR(INDIRECT("Base"&SUBSTITUTE(G198," ",""))/5,1)+1)/2)*50+MOD(INDIRECT("Base"&SUBSTITUTE(G198," ","")),5)*CEILING(INDIRECT("Base"&SUBSTITUTE(G198," ",""))/5,1)*10) -> #REF! | N201: =IF(AH194<>"",VLOOKUP($G198,'Merit Data'!A:BW,MATCH('Merit Data'!$B$3,'Merit Data'!$3:$3,0),0),TRUE) -> TRUE | X201: =IF(F201>0,HYPERLINK("http://wiki.project-saros.com/w/"&F201,"Info"),"") -> Info
A202: Language Skills
A205: 0 | G205: High Elven | Z205: =FLOOR(INDIRECT(SUBSTITUTE(G205," ",""))/5+1,1)*10 -> #REF! | AX205: ="Further increases your "&G205&" skill from "&INDIRECT(SUBSTITUTE(G205," ",""))&" to "&INDIRECT(SUBSTITUTE(G205," ",""))+1 -> #REF!
...

Sheet Merit Data
A1: =SUBSTITUTE(ADDRESS(1,COLUMN(A1),4),"1","") -> A | B1: =SUBSTITUTE(ADDRESS(1,COLUMN(B1),4),"1","") -> B | C1: =SUBSTITUTE(ADDRESS(1,COLUMN(C1),4),"1","") -> C | D1: =SUBSTITUTE(ADDRESS(1,COLUMN(D1),4),"1","") -> D | E1: =SUBSTITUTE(ADDRESS(1,COLUMN(E1),4),"1","") -> E | F1: =SUBSTITUTE(ADDRESS(1,COLUMN(F1),4),"1","") -> F | G1: =SUBSTITUTE(ADDRESS(1,COLUMN(G1),4),"1","") -> G | H1: =SUBSTITUTE(ADDRESS(1,COLUMN(H1),4),"1","") -> H | ... CK1: =SUBSTITUTE(ADDRESS(1,COLUMN(CK1),4),"1","") -> CK
J2: Merit Requirements | O2: Ability Scores | X2: Combat Skills | AR2: Expertise Skills
A3: Merit Name | B3: Qualify? | C3: Taken? | D3: Rank | E3: Exp | F3: Description | G3: Slot | H3: Type | J3: Merit 1 | K3: Merit 2 | L3: Merit 3 | M3: Special | N3: Strength | O3: Agility | P3: Constitution | Q3: Intelligence | R3: Wisdom | S3: Focus | T3: Charisma | U3: Insight | V3: Conviction | X3: Archery | Y3: Crossbows | Z3: Daggers | AA3: Hand-to-Hand Combat | AB3: Heavy Armor | AC3: Improvised Weaponry | AD3: Light Armor | AE3: Magicka | AF3: Weapon Skill | AG3: Axes | AH3: Maces | AI3: Swords | AJ3: Polearms | AK3: Shields | AL3: Staves | AM3: Throwing | AN3: NULL | AO3: NULL | AP3: NULL | AR3: Acrobatics | AS3: Appraisal | AT3: Athletics | AU3: Comprehension | AV3: Expression | AW3: Perception | AX3: Security | AY3: Stealth | AZ3: Streetwise | BA3: Subterfuge | BB3: Survival | BD3: Ancient Draconic | BE3: Aqua Elven | BF3: Basic Elven | BG3: Common | BH3: Dark Elven | BI3: Davek | BJ3: Draconic | BK3: Eulian | BL3: Garonian | BM3: Geovek | BN3: Gnomish | BO3: Goblin | BP3: High Elven | BQ3: Kotaba | BR3: Lower Common | BS3: Old Elven | BT3: Sylvan | BU3: True Draconic | BV3: Volken | BW3: Wood Elven | BX3: Prerequisites
A4: Base Merit | B4: =ISERROR(MATCH(FALSE,$J5:$BW5,0)) -> TRUE | C4: =IF(AND(INDEX('General Merits'!$F:$F,MATCH(A4,'General Merits'!$F:$F,0))>0,VLOOKUP(A4,'General Merits'!$F:$Q,10,0)),TRUE,FALSE) -> #N/A | E4: =D4*100 -> 0 | F4: CHANGE ME | BX4: =IF(BZ4<>"",BZ4,"")&IF(CA4<>"",", "&CA4,"")&IF(CB4<>"",", "&CB4,"")&IF(CC4<>"",", "&CC4,"")&IF(CD4<>"",", "&CD4,"")&IF(CE4<>"",", "&CE4,"")&IF(CF4<>"",", "&CF4,"")&IF(CG4<>"",", "&CG4,"")&IF(CH4<>"",", "&CH4,"")&IF(CI4<>"",", "&CI4,"") | BZ4: =IF(NOT(ISERROR(BZ5)),IF(NOT(ISERROR(INDIRECT(SUBSTITUTE(INDEX($1:$1048576,ROW($3:$3),SUM($BZ5:BZ5)+COLUMN($I$1)-1)," ","")&"Title"))),INDIRECT(SUBSTITUTE(INDEX($1:$1048576,ROW($3:$3),SUM($BZ5:BZ5)+COLUMN($I$1)-1)," ","")&"Title")&"("&INDEX($1:$1048576,ROW(BZ4),SUM($BZ5:BZ5)+COLUMN($I$1)-1)&")",INDEX($1:$1048576,ROW(BZ4),SUM($BZ5:BZ5)+COLUMN($I$1)-1)),"") | CA4: =IF(NOT(ISERROR(CA5)),IF(NOT(ISERROR(INDIRECT(SUBSTITUTE(INDEX($1:$1048576,ROW($3:$3),SUM($BZ5:CA5)+COLUMN($I$1)-1)," ","")&"Title"))),INDIRECT(SUBSTITUTE(INDEX($1:$1048576,ROW($3:$3),SUM($BZ5:CA5)+COLUMN($I$1)-1)," ","")&"Title")&"("&INDEX($1:$1048576,ROW(CA4),SUM($BZ5:CA5)+COLUMN($I$1)-1)&")",INDEX($1:$1048576,ROW(CA4),SUM($BZ5:CA5)+COLUMN($I$1)-1)),"") | CB4: =IF(NOT(ISERROR(CB5)),IF(NOT(ISERROR(INDIRECT(SUBSTITUTE(INDEX($1:$1048576,ROW($3:$3),SUM($BZ5:CB5)+COLUMN($I$1)-1)," ","")&"Title"))),INDIRECT(SUBSTITUTE(INDEX($1:$1048576,ROW($3:$3),SUM($BZ5:CB5)+COLUMN($I$1)-1)," ","")&"Title")&"("&INDEX($1:$1048576,ROW(CB4),SUM($BZ5:CB5)+COLUMN($I$1)-1)&")",INDEX($1:$1048576,ROW(CB4),SUM($BZ5:CB5)+COLUMN($I$1)-1)),"") | CC4: =IF(NOT(ISERROR(CC5)),IF(NOT(ISERROR(INDIRECT(SUBSTITUTE(INDEX($1:$1048576,ROW($3:$3),SUM($BZ5:CC5)+COLUMN($I$1)-1)," ","")&"Title"))),INDIRECT(SUBSTITUTE(INDEX($1:$1048576,ROW($3:$3),SUM($BZ5:CC5)+COLUMN($I$1)-1)," ","")&"Title")&"("&INDEX($1:$1048576,ROW(CC4),SUM($BZ5:CC5)+COLUMN($I$1)-1)&")",INDEX($1:$1048576,ROW(CC4),SUM($BZ5:CC5)+COLUMN($I$1)-1)),"") | CD4: =IF(NOT(ISERROR(CD5)),IF(NOT(ISERROR(INDIRECT(SUBSTITUTE(INDEX($1:$1048576,ROW($3:$3),SUM($BZ5:CD5)+COLUMN($I$1)-1)," ","")&"Title"))),INDIRECT(SUBSTITUTE(INDEX($1:$1048576,ROW($3:$3),SUM($BZ5:CD5)+COLUMN($I$1)-1)," ","")&"Title")&"("&INDEX($1:$1048576,ROW(CD4),SUM($BZ5:CD5)+COLUMN($I$1)-1)&")",INDEX($1:$1048576,ROW(CD4),SUM($BZ5:CD5)+COLUMN($I$1)-1)),"") | CE4: =IF(NOT(ISERROR(CE5)),IF(NOT(ISERROR(INDIRECT(SUBSTITUTE(INDEX($1:$1048576,ROW($3:$3),SUM($BZ5:CE5)+COLUMN($I$1)-1)," ","")&"Title"))),INDIRECT(SUBSTITUTE(INDEX($1:$1048576,ROW($3:$3),SUM($BZ5:CE5)+COLUMN($I$1)-1)," ","")&"Title")&"("&INDEX($1:$1048576,ROW(CE4),SUM($BZ5:CE5)+COLUMN($I$1)-1)&")",INDEX($1:$1048576,ROW(CE4),SUM($BZ5:CE5)+COLUMN($I$1)-1)),"") | CF4: =IF(NOT(ISERROR(CF5)),IF(NOT(ISERROR(INDIRECT(SUBSTITUTE(INDEX($1:$1048576,ROW($3:$3),SUM($BZ5:CF5)+COLUMN($I$1)-1)," ","")&"Title"))),INDIRECT(SUBSTITUTE(INDEX($1:$1048576,ROW($3:$3),SUM($BZ5:CF5)+COLUMN($I$1)-1)," ","")&"Title")&"("&INDEX($1:$1048576,ROW(CF4),SUM($BZ5:CF5)+COLUMN($I$1)-1)&")",INDEX($1:$1048576,ROW(CF4),SUM($BZ5:CF5)+COLUMN($I$1)-1)),"") | CG4: =IF(NOT(ISERROR(CG5)),IF(NOT(ISERROR(INDIRECT(SUBSTITUTE(INDEX($1:$1048576,ROW($3:$3),SUM($BZ5:CG5)+COLUMN($I$1)-1)," ","")&"Title"))),INDIRECT(SUBSTITUTE(INDEX($1:$1048576,ROW($3:$3),SUM($BZ5:CG5)+COLUMN($I$1)-1)," ","")&"Title")&"("&INDEX($1:$1048576,ROW(CG4),SUM($BZ5:CG5)+COLUMN($I$1)-1)&")",INDEX($1:$1048576,ROW(CG4),SUM($BZ5:CG5)+COLUMN($I$1)-1)),"") | ... CJ4: =IF(NOT(ISERROR(CJ5)),IF(NOT(ISERROR(INDIRECT(SUBSTITUTE(INDEX($1:$1048576,ROW($3:$3),SUM($BZ5:CJ5)+COLUMN($I$1)-1)," ","")&"Title"))),INDIRECT(SUBSTITUTE(INDEX($1:$1048576,ROW($3:$3),SUM($BZ5:CJ5)+COLUMN($I$1)-1)," ","")&"Title")&"("&INDEX($1:$1048576,ROW(CJ4),SUM($BZ5:CJ5)+COLUMN($I$1)-1)&")",INDEX($1:$1048576,ROW(CJ4),SUM($BZ5:CJ5)+COLUMN($I$1)-1)),"")
J5: =IF(J4>0,IF(AND(INDEX('General Merits'!$F:$F,MATCH($J4,'General Merits'!$F:$F,0),1)>0,VLOOKUP('Merit Data'!J4,'General Merits'!$F:$Z,COLUMN('General Merits'!$N:$N),0)),TRUE,FALSE),#N/A) -> #N/A | K5: =IF(K4>0,IF(AND(INDEX('General Merits'!$A:$A,MATCH($J4,'General Merits'!$G:$G,0),1)>0,VLOOKUP('Merit Data'!K4,'General Merits'!$A:$Z,COLUMN('General Merits'!$J:$J),0)),TRUE,FALSE),#N/A) -> #N/A | L5: =IF(L4>0,IF(AND(INDEX('General Merits'!$A:$A,MATCH($J4,'General Merits'!$G:$G,0),1)>0,VLOOKUP('Merit Data'!L4,'General Merits'!$A:$Z,COLUMN('General Merits'!$J:$J),0)),TRUE,FALSE),#N/A) -> #N/A | N5: =IF(STR>=N4,TRUE) -> #REF! | O5: =IF(AGI>=O4,TRUE) -> #REF! | P5: =IF(CON>=P4,TRUE) -> #REF! | Q5: =IF(INT>=Q4,TRUE) -> #REF! | R5: =IF(WIS>=R4,TRUE) -> #REF! | S5: =IF(FOC>=S4,TRUE) -> #REF! | T5: =IF(CHA>=T4,TRUE) -> #REF! | U5: =IF(INS>=U4,TRUE) -> #REF! | V5: =IF(CNV>=V4,TRUE) -> #REF! | X5: =IF(Archery>=X4,TRUE) -> #REF! | Y5: =IF(Crossbows>=Y4,TRUE) -> #REF! | Z5: =IF(Daggers>=Z4,TRUE) -> #REF! | AA5: =IF(HandtoHandCombat>=AA4,TRUE) -> #REF! | AB5: =IF(HeavyArmor>=AB4,TRUE) -> #REF! | AC5: =IF(ImprovisedWeaponry>=AC4,TRUE) -> #NAME? | AD5: =IF(LightArmor>=AD4,TRUE) -> #REF! | AE5: =IF(Magicka>=AE4,TRUE) -> #REF! | AF5: =IF(OR(Archery>=AF4,Crossbows>=AF4,Daggers>=AF4,HandtoHandCombat>=AF4,ImprovisedWeaponry>=AF4,Axes>=AF4,Maces>=AF4,Swords>=AF4,Polearms>=AF4,Staves>=AF4,Throwing>=AF4,TwoHandedAxes>=AF4,TwoHandedMaces>=AF4,TwoHandedSwords>=AF4),TRUE) -> #REF! | AG5: =IF(Axes>=AG4,TRUE) -> #REF! | AH5: =IF(Maces>=AH4,TRUE) -> #REF! | AI5: =IF(Swords>=AI4,TRUE) -> #REF! | AJ5: =IF(Polearms>=AJ4,TRUE) -> #REF! | AK5: =IF(Shields>=AK4,TRUE) -> #REF! | AL5: =IF(Staves>=AL4,TRUE) -> #REF! | AM5: =IF(Throwing>=AM4,TRUE) -> #REF! | AN5: =IF(TwoHandedAxes>=AN4,TRUE) -> #NAME? | AO5: =IF(TwoHandedMaces>=AO4,TRUE) -> #NAME? | AP5: =IF(TwoHandedSwords>=AP4,TRUE) -> #NAME? | AR5: =IF(Acrobatics>=AR4,TRUE) -> #REF! | AS5: =IF(Appraisal>=AS4,TRUE) -> #REF! | AT5: =IF(Athletics>=AT4,TRUE) -> #REF! | AU5: =IF(Comprehension>=AU4,TRUE) -> #REF! | AV5: =IF(Expression>=AV4,TRUE) -> #REF! | AW5: =IF(Perception>=AW4,TRUE) -> #REF! | AX5: =IF(Security>=AX4,TRUE) -> #REF! | AY5: =IF(Stealth>=AY4,TRUE) -> #REF! | AZ5: =IF(Streetwise>=AZ4,TRUE) -> #REF! | BA5: =IF(Subterfuge>=BA4,TRUE) -> #REF! | BB5: =IF(Survival>=BB4,TRUE) -> #REF! | BD5: =IF(AncientDraconic>=BD4,TRUE) -> #REF! | BE5: =IF(AquaElven>=BE4,TRUE) -> #REF! | BF5: =IF(BasicElven>=BF4,TRUE) -> #REF! | BG5: =IF(Common>=BG4,TRUE) -> #REF! | BH5: =IF(DarkElven>=BH4,TRUE) -> #REF! | BI5: =IF(Davek>=BI4,TRUE) -> #REF! | BJ5: =IF(Draconic>=BJ4,TRUE) -> #REF! | BK5: =IF(Eulian>=BK4,TRUE) -> #REF! | BL5: =IF(Garonian>=BL4,TRUE) -> #REF! | BM5: =IF(Geovek>=BM4,TRUE) -> #REF! | BN5: =IF(Gnomish>=BN4,TRUE) -> #REF! | BO5: =IF(Goblin>=BO4,TRUE) -> #REF! | BP5: =IF(HighElven>=BP4,TRUE) -> #REF! | BQ5: =IF(Kotaba>=BQ4,TRUE) -> #REF! | BR5: =IF(LowerCommon>=BR4,TRUE) -> #REF! | BS5: =IF(OldElven>=BS4,TRUE) -> #REF! | BT5: =IF(Sylvan>=BT4,TRUE) -> #REF! | BU5: =IF(TrueDraconic>=BU4,TRUE) -> #REF! | BV5: =IF(Volken>=BV4,TRUE) -> #REF! | BW5: =IF(WoodElven>=BW4,TRUE) -> #REF! | BZ5: =MATCH(TRUE,INDEX((INDIRECT(CHAR(CODE($I$1)+SUM($BY5:BY5))&$CK5-1&":"&$BW$1&$CK5-1)<>0),0),0) -> #N/A | CA5: =MATCH(TRUE,INDEX((INDIRECT(CHAR(CODE($I$1)+SUM($BY5:BZ5))&$CK5-1&":"&$BW$1&$CK5-1)<>0),0),0) -> #N/A | CB5: =MATCH(TRUE,INDEX((INDIRECT(CHAR(CODE($I$1)+SUM($BY5:CA5))&$CK5-1&":"&$BW$1&$CK5-1)<>0),0),0) -> #N/A | CC5: =MATCH(TRUE,INDEX((INDIRECT(CHAR(CODE($I$1)+SUM($BY5:CB5))&$CK5-1&":"&$BW$1&$CK5-1)<>0),0),0) -> #N/A | CD5: =MATCH(TRUE,INDEX((INDIRECT(CHAR(CODE($I$1)+SUM($BY5:CC5))&$CK5-1&":"&$BW$1&$CK5-1)<>0),0),0) -> #N/A | CE5: =MATCH(TRUE,INDEX((INDIRECT(CHAR(CODE($I$1)+SUM($BY5:CD5))&$CK5-1&":"&$BW$1&$CK5-1)<>0),0),0) -> #N/A | CF5: =MATCH(TRUE,INDEX((INDIRECT(CHAR(CODE($I$1)+SUM($BY5:CE5))&$CK5-1&":"&$BW$1&$CK5-1)<>0),0),0) -> #N/A | CG5: =MATCH(TRUE,INDEX((INDIRECT(CHAR(CODE($I$1)+SUM($BY5:CF5))&$CK5-1&":"&$BW$1&$CK5-1)<>0),0),0) -> #N/A | ... CJ5: =MATCH(TRUE,INDEX((INDIRECT(CHAR(CODE($I$1)+SUM($BY5:CI5))&$CK5-1&":"&$BW$1&$CK5-1)<>0),0),0) -> #N/A | CK5: =ROW(CK5) -> 5
A6: Tough Constitution | B6: =ISERROR(MATCH(FALSE,$J7:$BW7,0)) -> FALSE | C6: =IF(AND(INDEX('General Merits'!$F:$F,MATCH(A6,'General Merits'!$F:$F,0))>0,VLOOKUP(A6,'General Merits'!$F:$Q,10,0)),TRUE,FALSE) -> FALSE | D6: 4 | E6: =D6*100 -> 400 | F6: You gain an additional 2 health for each point of your Constitution score. | J6: Improved Stamina | BX6: =IF(BZ6<>"",BZ6,"")&IF(CA6<>"",", "&CA6,"")&IF(CB6<>"",", "&CB6,"")&IF(CC6<>"",", "&CC6,"")&IF(CD6<>"",", "&CD6,"")&IF(CE6<>"",", "&CE6,"")&IF(CF6<>"",", "&CF6,"")&IF(CG6<>"",", "&CG6,"")&IF(CH6<>"",", "&CH6,"")&IF(CI6<>"",", "&CI6,"") -> Improved Stamina | BZ6: =IF(NOT(ISERROR(BZ7)),IF(COLUMN($I:$I)+SUM($BY7:BZ7)-1<COLUMN($N:$N),INDEX($1:$1048576,ROW(BZ6),SUM($BZ7:BZ7)+COLUMN($I$1)-1),INDEX($3:$3,1,COLUMN($I:$I)+SUM($BY7:BZ7)-1)&" ("&INDEX($1:$1048576,ROW(BZ6),SUM($BZ7:BZ7)+COLUMN($I$1)-1)&")"),"") -> Improved Stamina | CA6: =IF(NOT(ISERROR(CA7)),IF(COLUMN($I:$I)+SUM($BY7:CA7)-1<COLUMN($N:$N),INDEX($1:$1048576,ROW(CA6),SUM($BZ7:CA7)+COLUMN($I$1)-1),INDEX($3:$3,1,COLUMN($I:$I)+SUM($BY7:CA7)-1)&" ("&INDEX($1:$1048576,ROW(CA6),SUM($BZ7:CA7)+COLUMN($I$1)-1)&")"),"") | CB6: =IF(NOT(ISERROR(CB7)),IF(COLUMN($I:$I)+SUM($BY7:CB7)-1<COLUMN($N:$N),INDEX($1:$1048576,ROW(CB6),SUM($BZ7:CB7)+COLUMN($I$1)-1),INDEX($3:$3,1,COLUMN($I:$I)+SUM($BY7:CB7)-1)&" ("&INDEX($1:$1048576,ROW(CB6),SUM($BZ7:CB7)+COLUMN($I$1)-1)&")"),"") | CC6: =IF(NOT(ISERROR(CC7)),IF(COLUMN($I:$I)+SUM($BY7:CC7)-1<COLUMN($N:$N),INDEX($1:$1048576,ROW(CC6),SUM($BZ7:CC7)+COLUMN($I$1)-1),INDEX($3:$3,1,COLUMN($I:$I)+SUM($BY7:CC7)-1)&" ("&INDEX($1:$1048576,ROW(CC6),SUM($BZ7:CC7)+COLUMN($I$1)-1)&")"),"") | CD6: =IF(NOT(ISERROR(CD7)),IF(COLUMN($I:$I)+SUM($BY7:CD7)-1<COLUMN($N:$N),INDEX($1:$1048576,ROW(CD6),SUM($BZ7:CD7)+COLUMN($I$1)-1),INDEX($3:$3,1,COLUMN($I:$I)+SUM($BY7:CD7)-1)&" ("&INDEX($1:$1048576,ROW(CD6),SUM($BZ7:CD7)+COLUMN($I$1)-1)&")"),"") | CE6: =IF(NOT(ISERROR(CE7)),IF(COLUMN($I:$I)+SUM($BY7:CE7)-1<COLUMN($N:$N),INDEX($1:$1048576,ROW(CE6),SUM($BZ7:CE7)+COLUMN($I$1)-1),INDEX($3:$3,1,COLUMN($I:$I)+SUM($BY7:CE7)-1)&" ("&INDEX($1:$1048576,ROW(CE6),SUM($BZ7:CE7)+COLUMN($I$1)-1)&")"),"") | CF6: =IF(NOT(ISERROR(CF7)),IF(COLUMN($I:$I)+SUM($BY7:CF7)-1<COLUMN($N:$N),INDEX($1:$1048576,ROW(CF6),SUM($BZ7:CF7)+COLUMN($I$1)-1),INDEX($3:$3,1,COLUMN($I:$I)+SUM($BY7:CF7)-1)&" ("&INDEX($1:$1048576,ROW(CF6),SUM($BZ7:CF7)+COLUMN($I$1)-1)&")"),"") | CG6: =IF(NOT(ISERROR(CG7)),IF(COLUMN($I:$I)+SUM($BY7:CG7)-1<COLUMN($N:$N),INDEX($1:$1048576,ROW(CG6),SUM($BZ7:CG7)+COLUMN($I$1)-1),INDEX($3:$3,1,COLUMN($I:$I)+SUM($BY7:CG7)-1)&" ("&INDEX($1:$1048576,ROW(CG6),SUM($BZ7:CG7)+COLUMN($I$1)-1)&")"),"") | ... CJ6: =IF(NOT(ISERROR(CJ7)),IF(COLUMN($I:$I)+SUM($BY7:CJ7)-1<COLUMN($N:$N),INDEX($1:$1048576,ROW(CJ6),SUM($BZ7:CJ7)+COLUMN($I$1)-1),INDEX($3:$3,1,COLUMN($I:$I)+SUM($BY7:CJ7)-1)&" ("&INDEX($1:$1048576,ROW(CJ6),SUM($BZ7:CJ7)+COLUMN($I$1)-1)&")"),"")
J7: =IF(J6>0,IF(AND(INDEX('General Merits'!$F:$F,MATCH($J6,'General Merits'!$F:$F,0),1)>0,VLOOKUP('Merit Data'!J6,'General Merits'!$F:$Z,COLUMN('General Merits'!$N:$N),0)),TRUE,FALSE),#N/A) -> FALSE | K7: =IF(K6>0,IF(AND(INDEX('General Merits'!$F:$F,MATCH($J6,'General Merits'!$F:$F,0),1)>0,VLOOKUP('Merit Data'!K6,'General Merits'!$F:$Z,COLUMN('General Merits'!$N:$N),0)),TRUE,FALSE),#N/A) -> #N/A | L7: =IF(L6>0,IF(AND(INDEX('General Merits'!$F:$F,MATCH($J6,'General Merits'!$F:$F,0),1)>0,VLOOKUP('Merit Data'!L6,'General Merits'!$F:$Z,COLUMN('General Merits'!$N:$N),0)),TRUE,FALSE),#N/A) -> #N/A | N7: =IF(STR>=N6,TRUE) -> #REF! | O7: =IF(AGI>=O6,TRUE) -> #REF! | P7: =IF(CON>=P6,TRUE) -> #REF! | Q7: =IF(INT>=Q6,TRUE) -> #REF! | R7: =IF(WIS>=R6,TRUE) -> #REF! | S7: =IF(FOC>=S6,TRUE) -> #REF! | T7: =IF(CHA>=T6,TRUE) -> #REF! | U7: =IF(INS>=U6,TRUE) -> #REF! | V7: =IF(CNV>=V6,TRUE) -> #REF! | X7: =IF(Archery>=X6,TRUE) -> #REF! | Y7: =IF(Crossbows>=Y6,TRUE) -> #REF! | Z7: =IF(Daggers>=Z6,TRUE) -> #REF! | AA7: =IF(HandtoHandCombat>=AA6,TRUE) -> #REF! | AB7: =IF(HeavyArmor>=AB6,TRUE) -> #REF! | AC7: =IF(ImprovisedWeaponry>=AC6,TRUE) -> #NAME? | AD7: =IF(LightArmor>=AD6,TRUE) -> #REF! | AE7: =IF(Magicka>=AE6,TRUE) -> #REF! | AF7: =IF(OR(Archery>=AF6,Crossbows>=AF6,Daggers>=AF6,HandtoHandCombat>=AF6,ImprovisedWeaponry>=AF6,Axes>=AF6,Maces>=AF6,Swords>=AF6,Polearms>=AF6,Staves>=AF6,Throwing>=AF6,TwoHandedAxes>=AF6,TwoHandedMaces>=AF6,TwoHandedSwords>=AF6),TRUE) -> #REF! | AG7: =IF(Axes>=AG6,TRUE) -> #REF! | AH7: =IF(Maces>=AH6,TRUE) -> #REF! | AI7: =IF(Swords>=AI6,TRUE) -> #REF! | AJ7: =IF(Polearms>=AJ6,TRUE) -> #REF! | AK7: =IF(Shields>=AK6,TRUE) -> #REF! | AL7: =IF(Staves>=AL6,TRUE) -> #REF! | AM7: =IF(Throwing>=AM6,TRUE) -> #REF! | AN7: =IF(TwoHandedAxes>=AN6,TRUE) -> #NAME? | AO7: =IF(TwoHandedMaces>=AO6,TRUE) -> #NAME? | AP7: =IF(TwoHandedSwords>=AP6,TRUE) -> #NAME? | AR7: =IF(Acrobatics>=AR6,TRUE) -> #REF! | AS7: =IF(Appraisal>=AS6,TRUE) -> #REF! | AT7: =IF(Athletics>=AT6,TRUE) -> #REF! | AU7: =IF(Comprehension>=AU6,TRUE) -> #REF! | AV7: =IF(Expression>=AV6,TRUE) -> #REF! | AW7: =IF(Perception>=AW6,TRUE) -> #REF! | AX7: =IF(Security>=AX6,TRUE) -> #REF! | AY7: =IF(Stealth>=AY6,TRUE) -> #REF! | AZ7: =IF(Streetwise>=AZ6,TRUE) -> #REF! | BA7: =IF(Subterfuge>=BA6,TRUE) -> #REF! | BB7: =IF(Survival>=BB6,TRUE) -> #REF! | BD7: =IF(AncientDraconic>=BD6,TRUE) -> #REF! | BE7: =IF(AquaElven>=BE6,TRUE) -> #REF! | BF7: =IF(BasicElven>=BF6,TRUE) -> #REF! | BG7: =IF(Common>=BG6,TRUE) -> #REF! | BH7: =IF(DarkElven>=BH6,TRUE) -> #REF! | BI7: =IF(Davek>=BI6,TRUE) -> #REF! | BJ7: =IF(Draconic>=BJ6,TRUE) -> #REF! | BK7: =IF(Eulian>=BK6,TRUE) -> #REF! | BL7: =IF(Garonian>=BL6,TRUE) -> #REF! | BM7: =IF(Geovek>=BM6,TRUE) -> #REF! | BN7: =IF(Gnomish>=BN6,TRUE) -> #REF! | BO7: =IF(Goblin>=BO6,TRUE) -> #REF! | BP7: =IF(HighElven>=BP6,TRUE) -> #REF! | BQ7: =IF(Kotaba>=BQ6,TRUE) -> #REF! | BR7: =IF(LowerCommon>=BR6,TRUE) -> #REF! | BS7: =IF(OldElven>=BS6,TRUE) -> #REF! | BT7: =IF(Sylvan>=BT6,TRUE) -> #REF! | BU7: =IF(TrueDraconic>=BU6,TRUE) -> #REF! | BV7: =IF(Volken>=BV6,TRUE) -> #REF! | BW7: =IF(WoodElven>=BW6,TRUE) -> #REF! | BZ7: =MATCH(TRUE,INDEX((INDIRECT(INDEX($1:$1,ROW($1:$1),COLUMN($I:$I)+SUM($BY7:BY7))&$CK7-1&":"&$BW$1&$CK7-1)<>0),0),0) -> 2 | CA7: =MATCH(TRUE,INDEX((INDIRECT(INDEX($1:$1,ROW($1:$1),COLUMN($I:$I)+SUM($BY7:BZ7))&$CK7-1&":"&$BW$1&$CK7-1)<>0),0),0) -> #N/A | CB7: =MATCH(TRUE,INDEX((INDIRECT(INDEX($1:$1,ROW($1:$1),COLUMN($I:$I)+SUM($BY7:CA7))&$CK7-1&":"&$BW$1&$CK7-1)<>0),0),0) -> #N/A | CC7: =MATCH(TRUE,INDEX((INDIRECT(INDEX($1:$1,ROW($1:$1),COLUMN($I:$I)+SUM($BY7:CB7))&$CK7-1&":"&$BW$1&$CK7-1)<>0),0),0) -> #N/A | CD7: =MATCH(TRUE,INDEX((INDIRECT(INDEX($1:$1,ROW($1:$1),COLUMN($I:$I)+SUM($BY7:CC7))&$CK7-1&":"&$BW$1&$CK7-1)<>0),0),0) -> #N/A | CE7: =MATCH(TRUE,INDEX((INDIRECT(INDEX($1:$1,ROW($1:$1),COLUMN($I:$I)+SUM($BY7:CD7))&$CK7-1&":"&$BW$1&$CK7-1)<>0),0),0) -> #N/A | CF7: =MATCH(TRUE,INDEX((INDIRECT(INDEX($1:$1,ROW($1:$1),COLUMN($I:$I)+SUM($BY7:CE7))&$CK7-1&":"&$BW$1&$CK7-1)<>0),0),0) -> #N/A | CG7: =MATCH(TRUE,INDEX((INDIRECT(INDEX($1:$1,ROW($1:$1),COLUMN($I:$I)+SUM($BY7:CF7))&$CK7-1&":"&$BW$1&$CK7-1)<>0),0),0) -> #N/A | ... CJ7: =MATCH(TRUE,INDEX((INDIRECT(INDEX($1:$1,ROW($1:$1),COLUMN($I:$I)+SUM($BY7:CI7))&$CK7-1&":"&$BW$1&$CK7-1)<>0),0),0) -> #N/A | CK7: =ROW(CK7) -> 7
A8: Purified Thoughts | B8: =ISERROR(MATCH(FALSE,$J9:$BW9,0)) -> FALSE | C8: =IF(AND(INDEX('General Merits'!$F:$F,MATCH(A8,'General Merits'!$F:$F,0))>0,VLOOKUP(A8,'General Merits'!$F:$Q,10,0)),TRUE,FALSE) -> FALSE | D8: 4 | E8: =D8*100 -> 400 | F8: You gain an additional 2 energy for each point of your Focus score. | J8: Improved Energy | BX8: =IF(BZ8<>"",BZ8,"")&IF(CA8<>"",", "&CA8,"")&IF(CB8<>"",", "&CB8,"")&IF(CC8<>"",", "&CC8,"")&IF(CD8<>"",", "&CD8,"")&IF(CE8<>"",", "&CE8,"")&IF(CF8<>"",", "&CF8,"")&IF(CG8<>"",", "&CG8,"")&IF(CH8<>"",", "&CH8,"")&IF(CI8<>"",", "&CI8,"") -> Improved Energy | BZ8: =IF(NOT(ISERROR(BZ9)),IF(COLUMN($I:$I)+SUM($BY9:BZ9)-1<COLUMN($N:$N),INDEX($1:$1048576,ROW(BZ8),SUM($BZ9:BZ9)+COLUMN($I$1)-1),INDEX($3:$3,1,COLUMN($I:$I)+SUM($BY9:BZ9)-1)&" ("&INDEX($1:$1048576,ROW(BZ8),SUM($BZ9:BZ9)+COLUMN($I$1)-1)&")"),"") -> Improved Energy | CA8: =IF(NOT(ISERROR(CA9)),IF(COLUMN($I:$I)+SUM($BY9:CA9)-1<COLUMN($N:$N),INDEX($1:$1048576,ROW(CA8),SUM($BZ9:CA9)+COLUMN($I$1)-1),INDEX($3:$3,1,COLUMN($I:$I)+SUM($BY9:CA9)-1)&" ("&INDEX($1:$1048576,ROW(CA8),SUM($BZ9:CA9)+COLUMN($I$1)-1)&")"),"") | CB8: =IF(NOT(ISERROR(CB9)),IF(COLUMN($I:$I)+SUM($BY9:CB9)-1<COLUMN($N:$N),INDEX($1:$1048576,ROW(CB8),SUM($BZ9:CB9)+COLUMN($I$1)-1),INDEX($3:$3,1,COLUMN($I:$I)+SUM($BY9:CB9)-1)&" ("&INDEX($1:$1048576,ROW(CB8),SUM($BZ9:CB9)+COLUMN($I$1)-1)&")"),"") | CC8: =IF(NOT(ISERROR(CC9)),IF(COLUMN($I:$I)+SUM($BY9:CC9)-1<COLUMN($N:$N),INDEX($1:$1048576,ROW(CC8),SUM($BZ9:CC9)+COLUMN($I$1)-1),INDEX($3:$3,1,COLUMN($I:$I)+SUM($BY9:CC9)-1)&" ("&INDEX($1:$1048576,ROW(CC8),SUM($BZ9:CC9)+COLUMN($I$1)-1)&")"),"") | CD8: =IF(NOT(ISERROR(CD9)),IF(COLUMN($I:$I)+SUM($BY9:CD9)-1<COLUMN($N:$N),INDEX($1:$1048576,ROW(CD8),SUM($BZ9:CD9)+COLUMN($I$1)-1),INDEX($3:$3,1,COLUMN($I:$I)+SUM($BY9:CD9)-1)&" ("&INDEX($1:$1048576,ROW(CD8),SUM($BZ9:CD9)+COLUMN($I$1)-1)&")"),"") | CE8: =IF(NOT(ISERROR(CE9)),IF(COLUMN($I:$I)+SUM($BY9:CE9)-1<COLUMN($N:$N),INDEX($1:$1048576,ROW(CE8),SUM($BZ9:CE9)+COLUMN($I$1)-1),INDEX($3:$3,1,COLUMN($I:$I)+SUM($BY9:CE9)-1)&" ("&INDEX($1:$1048576,ROW(CE8),SUM($BZ9:CE9)+COLUMN($I$1)-1)&")"),"") | CF8: =IF(NOT(ISERROR(CF9)),IF(COLUMN($I:$I)+SUM($BY9:CF9)-1<COLUMN($N:$N),INDEX($1:$1048576,ROW(CF8),SUM($BZ9:CF9)+COLUMN($I$1)-1),INDEX($3:$3,1,COLUMN($I:$I)+SUM($BY9:CF9)-1)&" ("&INDEX($1:$1048576,ROW(CF8),SUM($BZ9:CF9)+COLUMN($I$1)-1)&")"),"") | CG8: =IF(NOT(ISERROR(CG9)),IF(COLUMN($I:$I)+SUM($BY9:CG9)-1<COLUMN($N:$N),INDEX($1:$1048576,ROW(CG8),SUM($BZ9:CG9)+COLUMN($I$1)-1),INDEX($3:$3,1,COLUMN($I:$I)+SUM($BY9:CG9)-1)&" ("&INDEX($1:$1048576,ROW(CG8),SUM($BZ9:CG9)+COLUMN($I$1)-1)&")"),"") | ... CJ8: =IF(NOT(ISERROR(CJ9)),IF(COLUMN($I:$I)+SUM($BY9:CJ9)-1<COLUMN($N:$N),INDEX($1:$1048576,ROW(CJ8),SUM($BZ9:CJ9)+COLUMN($I$1)-1),INDEX($3:$3,1,COLUMN($I:$I)+SUM($BY9:CJ9)-1)&" ("&INDEX($1:$1048576,ROW(CJ8),SUM($BZ9:CJ9)+COLUMN($I$1)-1)&")"),"")
J9: =IF(J8>0,IF(AND(INDEX('General Merits'!$F:$F,MATCH($J8,'General Merits'!$F:$F,0),1)>0,VLOOKUP('Merit Data'!J8,'General Merits'!$F:$Z,COLUMN('General Merits'!$N:$N),0)),TRUE,FALSE),#N/A) -> FALSE | K9: =IF(K8>0,IF(AND(INDEX('General Merits'!$F:$F,MATCH($J8,'General Merits'!$F:$F,0),1)>0,VLOOKUP('Merit Data'!K8,'General Merits'!$F:$Z,COLUMN('General Merits'!$N:$N),0)),TRUE,FALSE),#N/A) -> #N/A | L9: =IF(L8>0,IF(AND(INDEX('General Merits'!$F:$F,MATCH($J8,'General Merits'!$F:$F,0),1)>0,VLOOKUP('Merit Data'!L8,'General Merits'!$F:$Z,COLUMN('General Merits'!$N:$N),0)),TRUE,FALSE),#N/A) -> #N/A | N9: =IF(STR>=N8,TRUE) -> #REF! | O9: =IF(AGI>=O8,TRUE) -> #REF! | P9: =IF(CON>=P8,TRUE) -> #REF! | Q9: =IF(INT>=Q8,TRUE) -> #REF! | R9: =IF(WIS>=R8,TRUE) -> #REF! | S9: =IF(FOC>=S8,TRUE) -> #REF! | T9: =IF(CHA>=T8,TRUE) -> #REF! | U9: =IF(INS>=U8,TRUE) -> #REF! | V9: =IF(CNV>=V8,TRUE) -> #REF! | X9: =IF(Archery>=X8,TRUE) -> #REF! | Y9: =IF(Crossbows>=Y8,TRUE) -> #REF! | Z9: =IF(Daggers>=Z8,TRUE) -> #REF! | AA9: =IF(HandtoHandCombat>=AA8,TRUE) -> #REF! | AB9: =IF(HeavyArmor>=AB8,TRUE) -> #REF! | AC9: =IF(ImprovisedWeaponry>=AC8,TRUE) -> #NAME? | AD9: =IF(LightArmor>=AD8,TRUE) -> #REF! | AE9: =IF(Magicka>=AE8,TRUE) -> #REF! | AF9: =IF(OR(Archery>=AF8,Crossbows>=AF8,Daggers>=AF8,HandtoHandCombat>=AF8,ImprovisedWeaponry>=AF8,Axes>=AF8,Maces>=AF8,Swords>=AF8,Polearms>=AF8,Staves>=AF8,Throwing>=AF8,TwoHandedAxes>=AF8,TwoHandedMaces>=AF8,TwoHandedSwords>=AF8),TRUE) -> #REF! | AG9: =IF(Axes>=AG8,TRUE) -> #REF! | AH9: =IF(Maces>=AH8,TRUE) -> #REF! | AI9: =IF(Swords>=AI8,TRUE) -> #REF! | AJ9: =IF(Polearms>=AJ8,TRUE) -> #REF! | AK9: =IF(Shields>=AK8,TRUE) -> #REF! | AL9: =IF(Staves>=AL8,TRUE) -> #REF! | AM9: =IF(Throwing>=AM8,TRUE) -> #REF! | AN9: =IF(TwoHandedAxes>=AN8,TRUE) -> #NAME? | AO9: =IF(TwoHandedMaces>=AO8,TRUE) -> #NAME? | AP9: =IF(TwoHandedSwords>=AP8,TRUE) -> #NAME? | AR9: =IF(Acrobatics>=AR8,TRUE) -> #REF! | AS9: =IF(Appraisal>=AS8,TRUE) -> #REF! | AT9: =IF(Athletics>=AT8,TRUE) -> #REF! | AU9: =IF(Comprehension>=AU8,TRUE) -> #REF! | AV9: =IF(Expression>=AV8,TRUE) -> #REF! | AW9: =IF(Perception>=AW8,TRUE) -> #REF! | AX9: =IF(Security>=AX8,TRUE) -> #REF! | AY9: =IF(Stealth>=AY8,TRUE) -> #REF! | AZ9: =IF(Streetwise>=AZ8,TRUE) -> #REF! | BA9: =IF(Subterfuge>=BA8,TRUE) -> #REF! | BB9: =IF(Survival>=BB8,TRUE) -> #REF! | BD9: =IF(AncientDraconic>=BD8,TRUE) -> #REF! | BE9: =IF(AquaElven>=BE8,TRUE) -> #REF! | BF9: =IF(BasicElven>=BF8,TRUE) -> #REF! | BG9: =IF(Common>=BG8,TRUE) -> #REF! | BH9: =IF(DarkElven>=BH8,TRUE) -> #REF! | BI9: =IF(Davek>=BI8,TRUE) -> #REF! | BJ9: =IF(Draconic>=BJ8,TRUE) -> #REF! | BK9: =IF(Eulian>=BK8,TRUE) -> #REF! | BL9: =IF(Garonian>=BL8,TRUE) -> #REF! | BM9: =IF(Geovek>=BM8,TRUE) -> #REF! | BN9: =IF(Gnomish>=BN8,TRUE) -> #REF! | BO9: =IF(Goblin>=BO8,TRUE) -> #REF! | BP9: =IF(HighElven>=BP8,TRUE) -> #REF! | BQ9: =IF(Kotaba>=BQ8,TRUE) -> #REF! | BR9: =IF(LowerCommon>=BR8,TRUE) -> #REF! | BS9: =IF(OldElven>=BS8,TRUE) -> #REF! | BT9: =IF(Sylvan>=BT8,TRUE) -> #REF! | BU9: =IF(TrueDraconic>=BU8,TRUE) -> #REF! | BV9: =IF(Volken>=BV8,TRUE) -> #REF! | BW9: =IF(WoodElven>=BW8,TRUE) -> #REF! | BZ9: =MATCH(TRUE,INDEX((INDIRECT(INDEX($1:$1,ROW($1:$1),COLUMN($I:$I)+SUM($BY9:BY9))&$CK9-1&":"&$BW$1&$CK9-1)<>0),0),0) -> 2 | CA9: =MATCH(TRUE,INDEX((INDIRECT(INDEX($1:$1,ROW($1:$1),COLUMN($I:$I)+SUM($BY9:BZ9))&$CK9-1&":"&$BW$1&$CK9-1)<>0),0),0) -> #N/A | CB9: =MATCH(TRUE,INDEX((INDIRECT(INDEX($1:$1,ROW($1:$1),COLUMN($I:$I)+SUM($BY9:CA9))&$CK9-1&":"&$BW$1&$CK9-1)<>0),0),0) -> #N/A | CC9: =MATCH(TRUE,INDEX((INDIRECT(INDEX($1:$1,ROW($1:$1),COLUMN($I:$I)+SUM($BY9:CB9))&$CK9-1&":"&$BW$1&$CK9-1)<>0),0),0) -> #N/A | CD9: =MATCH(TRUE,INDEX((INDIRECT(INDEX($1:$1,ROW($1:$1),COLUMN($I:$I)+SUM($BY9:CC9))&$CK9-1&":"&$BW$1&$CK9-1)<>0),0),0) -> #N/A | CE9: =MATCH(TRUE,INDEX((INDIRECT(INDEX($1:$1,ROW($1:$1),COLUMN($I:$I)+SUM($BY9:CD9))&$CK9-1&":"&$BW$1&$CK9-1)<>0),0),0) -> #N/A | CF9: =MATCH(TRUE,INDEX((INDIRECT(INDEX($1:$1,ROW($1:$1),COLUMN($I:$I)+SUM($BY9:CE9))&$CK9-1&":"&$BW$1&$CK9-1)<>0),0),0) -> #N/A | CG9: =MATCH(TRUE,INDEX((INDIRECT(INDEX($1:$1,ROW($1:$1),COLUMN($I:$I)+SUM($BY9:CF9))&$CK9-1&":"&$BW$1&$CK9-1)<>0),0),0) -> #N/A | ... CJ9: =MATCH(TRUE,INDEX((INDIRECT(INDEX($1:$1,ROW($1:$1),COLUMN($I:$I)+SUM($BY9:CI9))&$CK9-1&":"&$BW$1&$CK9-1)<>0),0),0) -> #N/A | CK9: =ROW(CK9) -> 9
A10: Stoic Convictions | B10: =ISERROR(MATCH(FALSE,$J11:$BW11,0)) -> FALSE | C10: =IF(AND(INDEX('General Merits'!$F:$F,MATCH(A10,'General Merits'!$F:$F,0))>0,VLOOKUP(A10,'General Merits'!$F:$Q,10,0)),TRUE,FALSE) -> FALSE | D10: 4 | E10: =D10*100 -> 400 | F10: You gain an additional 1 health and energy for each point of your Conviction score. | J10: Improved Vitality | BX10: =IF(BZ10<>"",BZ10,"")&IF(CA10<>"",", "&CA10,"")&IF(CB10<>"",", "&CB10,"")&IF(CC10<>"",", "&CC10,"")&IF(CD10<>"",", "&CD10,"")&IF(CE10<>"",", "&CE10,"")&IF(CF10<>"",", "&CF10,"")&IF(CG10<>"",", "&CG10,"")&IF(CH10<>"",", "&CH10,"")&IF(CI10<>"",", "&CI10,"") -> Improved Vitality | BZ10: =IF(NOT(ISERROR(BZ11)),IF(COLUMN($I:$I)+SUM($BY11:BZ11)-1<COLUMN($N:$N),INDEX($1:$1048576,ROW(BZ10),SUM($BZ11:BZ11)+COLUMN($I$1)-1),INDEX($3:$3,1,COLUMN($I:$I)+SUM($BY11:BZ11)-1)&" ("&INDEX($1:$1048576,ROW(BZ10),SUM($BZ11:BZ11)+COLUMN($I$1)-1)&")"),"") -> Improved Vitality | CA10: =IF(NOT(ISERROR(CA11)),IF(COLUMN($I:$I)+SUM($BY11:CA11)-1<COLUMN($N:$N),INDEX($1:$1048576,ROW(CA10),SUM($BZ11:CA11)+COLUMN($I$1)-1),INDEX($3:$3,1,COLUMN($I:$I)+SUM($BY11:CA11)-1)&" ("&INDEX($1:$1048576,ROW(CA10),SUM($BZ11:CA11)+COLUMN($I$1)-1)&")"),"") | CB10: =IF(NOT(ISERROR(CB11)),IF(COLUMN($I:$I)+SUM($BY11:CB11)-1<COLUMN($N:$N),INDEX($1:$1048576,ROW(CB10),SUM($BZ11:CB11)+COLUMN($I$1)-1),INDEX($3:$3,1,COLUMN($I:$I)+SUM($BY11:CB11)-1)&" ("&INDEX($1:$1048576,ROW(CB10),SUM($BZ11:CB11)+COLUMN($I$1)-1)&")"),"") | CC10: =IF(NOT(ISERROR(CC11)),IF(COLUMN($I:$I)+SUM($BY11:CC11)-1<COLUMN($N:$N),INDEX($1:$1048576,ROW(CC10),SUM($BZ11:CC11)+COLUMN($I$1)-1),INDEX($3:$3,1,COLUMN($I:$I)+SUM($BY11:CC11)-1)&" ("&INDEX($1:$1048576,ROW(CC10),SUM($BZ11:CC11)+COLUMN($I$1)-1)&")"),"") | CD10: =IF(NOT(ISERROR(CD11)),IF(COLUMN($I:$I)+SUM($BY11:CD11)-1<COLUMN($N:$N),INDEX($1:$1048576,ROW(CD10),SUM($BZ11:CD11)+COLUMN($I$1)-1),INDEX($3:$3,1,COLUMN($I:$I)+SUM($BY11:CD11)-1)&" ("&INDEX($1:$1048576,ROW(CD10),SUM($BZ11:CD11)+COLUMN($I$1)-1)&")"),"") | CE10: =IF(NOT(ISERROR(CE11)),IF(COLUMN($I:$I)+SUM($BY11:CE11)-1<COLUMN($N:$N),INDEX($1:$1048576,ROW(CE10),SUM($BZ11:CE11)+COLUMN($I$1)-1),INDEX($3:$3,1,COLUMN($I:$I)+SUM($BY11:CE11)-1)&" ("&INDEX($1:$1048576,ROW(CE10),SUM($BZ11:CE11)+COLUMN($I$1)-1)&")"),"") | CF10: =IF(NOT(ISERROR(CF11)),IF(COLUMN($I:$I)+SUM($BY11:CF11)-1<COLUMN($N:$N),INDEX($1:$1048576,ROW(CF10),SUM($BZ11:CF11)+COLUMN($I$1)-1),INDEX($3:$3,1,COLUMN($I:$I)+SUM($BY11:CF11)-1)&" ("&INDEX($1:$1048576,ROW(CF10),SUM($BZ11:CF11)+COLUMN($I$1)-1)&")"),"") | CG10: =IF(NOT(ISERROR(CG11)),IF(COLUMN($I:$I)+SUM($BY11:CG11)-1<COLUMN($N:$N),INDEX($1:$1048576,ROW(CG10),SUM($BZ11:CG11)+COLUMN($I$1)-1),INDEX($3:$3,1,COLUMN($I:$I)+SUM($BY11:CG11)-1)&" ("&INDEX($1:$1048576,ROW(CG10),SUM($BZ11:CG11)+COLUMN($I$1)-1)&")"),"") | ... CJ10: =IF(NOT(ISERROR(CJ11)),IF(COLUMN($I:$I)+SUM($BY11:CJ11)-1<COLUMN($N:$N),INDEX($1:$1048576,ROW(CJ10),SUM($BZ11:CJ11)+COLUMN($I$1)-1),INDEX($3:$3,1,COLUMN($I:$I)+SUM($BY11:CJ11)-1)&" ("&INDEX($1:$1048576,ROW(CJ10),SUM($BZ11:CJ11)+COLUMN($I$1)-1)&")"),"")
J11: =IF(J10>0,IF(AND(INDEX('General Merits'!$F:$F,MATCH($J10,'General Merits'!$F:$F,0),1)>0,VLOOKUP('Merit Data'!J10,'General Merits'!$F:$Z,COLUMN('General Merits'!$N:$N),0)),TRUE,FALSE),#N/A) -> FALSE | K11: =IF(K10>0,IF(AND(INDEX('General Merits'!$F:$F,MATCH($J10,'General Merits'!$F:$F,0),1)>0,VLOOKUP('Merit Data'!K10,'General Merits'!$F:$Z,COLUMN('General Merits'!$N:$N),0)),TRUE,FALSE),#N/A) -> #N/A | L11: =IF(L10>0,IF(AND(INDEX('General Merits'!$F:$F,MATCH($J10,'General Merits'!$F:$F,0),1)>0,VLOOKUP('Merit Data'!L10,'General Merits'!$F:$Z,COLUMN('General Merits'!$N:$N),0)),TRUE,FALSE),#N/A) -> #N/A | N11: =IF(STR>=N10,TRUE) -> #REF! | O11: =IF(AGI>=O10,TRUE) -> #REF! | P11: =IF(CON>=P10,TRUE) -> #REF! | Q11: =IF(INT>=Q10,TRUE) -> #REF! | R11: =IF(WIS>=R10,TRUE) -> #REF! | S11: =IF(FOC>=S10,TRUE) -> #REF! | T11: =IF(CHA>=T10,TRUE) -> #REF! | U11: =IF(INS>=U10,TRUE) -> #REF! | V11: =IF(CNV>=V10,TRUE) -> #REF! | X11: =IF(Archery>=X10,TRUE) -> #REF! | Y11: =IF(Crossbows>=Y10,TRUE) -> #REF! | Z11: =IF(Daggers>=Z10,TRUE) -> #REF! | AA11: =IF(HandtoHandCombat>=AA10,TRUE) -> #REF! | AB11: =IF(HeavyArmor>=AB10,TRUE) -> #REF! | AC11: =IF(ImprovisedWeaponry>=AC10,TRUE) -> #NAME? | AD11: =IF(LightArmor>=AD10,TRUE) -> #REF! | AE11: =IF(Magicka>=AE10,TRUE) -> #REF! | AF11: =IF(OR(Archery>=AF10,Crossbows>=AF10,Daggers>=AF10,HandtoHandCombat>=AF10,ImprovisedWeaponry>=AF10,Axes>=AF10,Maces>=AF10,Swords>=AF10,Polearms>=AF10,Staves>=AF10,Throwing>=AF10,TwoHandedAxes>=AF10,TwoHandedMaces>=AF10,TwoHandedSwords>=AF10),TRUE) -> #REF! | AG11: =IF(Axes>=AG10,TRUE) -> #REF! | AH11: =IF(Maces>=AH10,TRUE) -> #REF! | AI11: =IF(Swords>=AI10,TRUE) -> #REF! | AJ11: =IF(Polearms>=AJ10,TRUE) -> #REF! | AK11: =IF(Shields>=AK10,TRUE) -> #REF! | AL11: =IF(Staves>=AL10,TRUE) -> #REF! | AM11: =IF(Throwing>=AM10,TRUE) -> #REF! | AN11: =IF(TwoHandedAxes>=AN10,TRUE) -> #NAME? | AO11: =IF(TwoHandedMaces>=AO10,TRUE) -> #NAME? | AP11: =IF(TwoHandedSwords>=AP10,TRUE) -> #NAME? | AR11: =IF(Acrobatics>=AR10,TRUE) -> #REF! | AS11: =IF(Appraisal>=AS10,TRUE) -> #REF! | AT11: =IF(Athletics>=AT10,TRUE) -> #REF! | AU11: =IF(Comprehension>=AU10,TRUE) -> #REF! | AV11: =IF(Expression>=AV10,TRUE) -> #REF! | AW11: =IF(Perception>=AW10,TRUE) -> #REF! | AX11: =IF(Security>=AX10,TRUE) -> #REF! | AY11: =IF(Stealth>=AY10,TRUE) -> #REF! | AZ11: =IF(Streetwise>=AZ10,TRUE) -> #REF! | BA11: =IF(Subterfuge>=BA10,TRUE) -> #REF! | BB11: =IF(Survival>=BB10,TRUE) -> #REF! | BD11: =IF(AncientDraconic>=BD10,TRUE) -> #REF! | BE11: =IF(AquaElven>=BE10,TRUE) -> #REF! | BF11: =IF(BasicElven>=BF10,TRUE) -> #REF! | BG11: =IF(Common>=BG10,TRUE) -> #REF! | BH11: =IF(DarkElven>=BH10,TRUE) -> #REF! | BI11: =IF(Davek>=BI10,TRUE) -> #REF! | BJ11: =IF(Draconic>=BJ10,TRUE) -> #REF! | BK11: =IF(Eulian>=BK10,TRUE) -> #REF! | BL11: =IF(Garonian>=BL10,TRUE) -> #REF! | BM11: =IF(Geovek>=BM10,TRUE) -> #REF! | BN11: =IF(Gnomish>=BN10,TRUE) -> #REF! | BO11: =IF(Goblin>=BO10,TRUE) -> #REF! | BP11: =IF(HighElven>=BP10,TRUE) -> #REF! | BQ11: =IF(Kotaba>=BQ10,TRUE) -> #REF! | BR11: =IF(LowerCommon>=BR10,TRUE) -> #REF! | BS11: =IF(OldElven>=BS10,TRUE) -> #REF! | BT11: =IF(Sylvan>=BT10,TRUE) -> #REF! | BU11: =IF(TrueDraconic>=BU10,TRUE) -> #REF! | BV11: =IF(Volken>=BV10,TRUE) -> #REF! | BW11: =IF(WoodElven>=BW10,TRUE) -> #REF! | BZ11: =MATCH(TRUE,INDEX((INDIRECT(INDEX($1:$1,ROW($1:$1),COLUMN($I:$I)+SUM($BY11:BY11))&$CK11-1&":"&$BW$1&$CK11-1)<>0),0),0) -> 2 | CA11: =MATCH(TRUE,INDEX((INDIRECT(INDEX($1:$1,ROW($1:$1),COLUMN($I:$I)+SUM($BY11:BZ11))&$CK11-1&":"&$BW$1&$CK11-1)<>0),0),0) -> #N/A | CB11: =MATCH(TRUE,INDEX((INDIRECT(INDEX($1:$1,ROW($1:$1),COLUMN($I:$I)+SUM($BY11:CA11))&$CK11-1&":"&$BW$1&$CK11-1)<>0),0),0) -> #N/A | CC11: =MATCH(TRUE,INDEX((INDIRECT(INDEX($1:$1,ROW($1:$1),COLUMN($I:$I)+SUM($BY11:CB11))&$CK11-1&":"&$BW$1&$CK11-1)<>0),0),0) -> #N/A | CD11: =MATCH(TRUE,INDEX((INDIRECT(INDEX($1:$1,ROW($1:$1),COLUMN($I:$I)+SUM($BY11:CC11))&$CK11-1&":"&$BW$1&$CK11-1)<>0),0),0) -> #N/A | CE11: =MATCH(TRUE,INDEX((INDIRECT(INDEX($1:$1,ROW($1:$1),COLUMN($I:$I)+SUM($BY11:CD11))&$CK11-1&":"&$BW$1&$CK11-1)<>0),0),0) -> #N/A | CF11: =MATCH(TRUE,INDEX((INDIRECT(INDEX($1:$1,ROW($1:$1),COLUMN($I:$I)+SUM($BY11:CE11))&$CK11-1&":"&$BW$1&$CK11-1)<>0),0),0) -> #N/A | CG11: =MATCH(TRUE,INDEX((INDIRECT(INDEX($1:$1,ROW($1:$1),COLUMN($I:$I)+SUM($BY11:CF11))&$CK11-1&":"&$BW$1&$CK11-1)<>0),0),0) -> #N/A | ... CJ11: =MATCH(TRUE,INDEX((INDIRECT(INDEX($1:$1,ROW($1:$1),COLUMN($I:$I)+SUM($BY11:CI11))&$CK11-1&":"&$BW$1&$CK11-1)<>0),0),0) -> #N/A | CK11: =ROW(CK11) -> 11
A12: Deep Sleeper | B12: =ISERROR(MATCH(FALSE,$J13:$BW13,0)) -> TRUE | C12: =IF(AND(INDEX('General Merits'!$F:$F,MATCH(A12,'General Merits'!$F:$F,0))>0,VLOOKUP(A12,'General Merits'!$F:$Q,10,0)),TRUE,FALSE) -> FALSE | D12: 1 | E12: =D12*100 -> 100 | F12: You fall asleep quickly, allowing better sleep. You are considered restfully sleeping and receive full energy regeneration even in uncomfortable or interrupted sleep. | S12: 18 | BX12: =IF(BZ12<>"",BZ12,"")&IF(CA12<>"",", "&CA12,"")&IF(CB12<>"",", "&CB12,"")&IF(CC12<>"",", "&CC12,"")&IF(CD12<>"",", "&CD12,"")&IF(CE12<>"",", "&CE12,"")&IF(CF12<>"",", "&CF12,"")&IF(CG12<>"",", "&CG12,"")&IF(CH12<>"",", "&CH12,"")&IF(CI12<>"",", "&CI12,"") -> Focus (18) | BZ12: =IF(NOT(ISERROR(BZ13)),IF(COLUMN($I:$I)+SUM($BY13:BZ13)-1<COLUMN($N:$N),INDEX($1:$1048576,ROW(BZ12),SUM($BZ13:BZ13)+COLUMN($I$1)-1),INDEX($3:$3,1,COLUMN($I:$I)+SUM($BY13:BZ13)-1)&" ("&INDEX($1:$1048576,ROW(BZ12),SUM($BZ13:BZ13)+COLUMN($I$1)-1)&")"),"") -> Focus (18) | CA12: =IF(NOT(ISERROR(CA13)),IF(COLUMN($I:$I)+SUM($BY13:CA13)-1<COLUMN($N:$N),INDEX($1:$1048576,ROW(CA12),SUM($BZ13:CA13)+COLUMN($I$1)-1),INDEX($3:$3,1,COLUMN($I:$I)+SUM($BY13:CA13)-1)&" ("&INDEX($1:$1048576,ROW(CA12),SUM($BZ13:CA13)+COLUMN($I$1)-1)&")"),"") | CB12: =IF(NOT(ISERROR(CB13)),IF(COLUMN($I:$I)+SUM($BY13:CB13)-1<COLUMN($N:$N),INDEX($1:$1048576,ROW(CB12),SUM($BZ13:CB13)+COLUMN($I$1)-1),INDEX($3:$3,1,COLUMN($I:$I)+SUM($BY13:CB13)-1)&" ("&INDEX($1:$1048576,ROW(CB12),SUM($BZ13:CB13)+COLUMN($I$1)-1)&")"),"") | CC12: =IF(NOT(ISERROR(CC13)),IF(COLUMN($I:$I)+SUM($BY13:CC13)-1<COLUMN($N:$N),INDEX($1:$1048576,ROW(CC12),SUM($BZ13:CC13)+COLUMN($I$1)-1),INDEX($3:$3,1,COLUMN($I:$I)+SUM($BY13:CC13)-1)&" ("&INDEX($1:$1048576,ROW(CC12),SUM($BZ13:CC13)+COLUMN($I$1)-1)&")"),"") | CD12: =IF(NOT(ISERROR(CD13)),IF(COLUMN($I:$I)+SUM($BY13:CD13)-1<COLUMN($N:$N),INDEX($1:$1048576,ROW(CD12),SUM($BZ13:CD13)+COLUMN($I$1)-1),INDEX($3:$3,1,COLUMN($I:$I)+SUM($BY13:CD13)-1)&" ("&INDEX($1:$1048576,ROW(CD12),SUM($BZ13:CD13)+COLUMN($I$1)-1)&")"),"") | CE12: =IF(NOT(ISERROR(CE13)),IF(COLUMN($I:$I)+SUM($BY13:CE13)-1<COLUMN($N:$N),INDEX($1:$1048576,ROW(CE12),SUM($BZ13:CE13)+COLUMN($I$1)-1),INDEX($3:$3,1,COLUMN($I:$I)+SUM($BY13:CE13)-1)&" ("&INDEX($1:$1048576,ROW(CE12),SUM($BZ13:CE13)+COLUMN($I$1)-1)&")"),"") | CF12: =IF(NOT(ISERROR(CF13)),IF(COLUMN($I:$I)+SUM($BY13:CF13)-1<COLUMN($N:$N),INDEX($1:$1048576,ROW(CF12),SUM($BZ13:CF13)+COLUMN($I$1)-1),INDEX($3:$3,1,COLUMN($I:$I)+SUM($BY13:CF13)-1)&" ("&INDEX($1:$1048576,ROW(CF12),SUM($BZ13:CF13)+COLUMN($I$1)-1)&")"),"") | CG12: =IF(NOT(ISERROR(CG13)),IF(COLUMN($I:$I)+SUM($BY13:CG13)-1<COLUMN($N:$N),INDEX($1:$1048576,ROW(CG12),SUM($BZ13:CG13)+COLUMN($I$1)-1),INDEX($3:$3,1,COLUMN($I:$I)+SUM($BY13:CG13)-1)&" ("&INDEX($1:$1048576,ROW(CG12),SUM($BZ13:CG13)+COLUMN($I$1)-1)&")"),"") | ... CJ12: =IF(NOT(ISERROR(CJ13)),IF(COLUMN($I:$I)+SUM($BY13:CJ13)-1<COLUMN($N:$N),INDEX($1:$1048576,ROW(CJ12),SUM($BZ13:CJ13)+COLUMN($I$1)-1),INDEX($3:$3,1,COLUMN($I:$I)+SUM($BY13:CJ13)-1)&" ("&INDEX($1:$1048576,ROW(CJ12),SUM($BZ13:CJ13)+COLUMN($I$1)-1)&")"),"")
J13: =IF(J12>0,IF(AND(INDEX('General Merits'!$F:$F,MATCH($J12,'General Merits'!$F:$F,0),1)>0,VLOOKUP('Merit Data'!J12,'General Merits'!$F:$Z,COLUMN('General Merits'!$N:$N),0)),TRUE,FALSE),#N/A) -> #N/A | K13: =IF(K12>0,IF(AND(INDEX('General Merits'!$F:$F,MATCH($J12,'General Merits'!$F:$F,0),1)>0,VLOOKUP('Merit Data'!K12,'General Merits'!$F:$Z,COLUMN('General Merits'!$N:$N),0)),TRUE,FALSE),#N/A) -> #N/A | L13: =IF(L12>0,IF(AND(INDEX('General Merits'!$F:$F,MATCH($J12,'General Merits'!$F:$F,0),1)>0,VLOOKUP('Merit Data'!L12,'General Merits'!$F:$Z,COLUMN('General Merits'!$N:$N),0)),TRUE,FALSE),#N/A) -> #N/A | N13: =IF(STR>=N12,TRUE) -> #REF! | O13: =IF(AGI>=O12,TRUE) -> #REF! | P13: =IF(CON>=P12,TRUE) -> #REF! | Q13: =IF(INT>=Q12,TRUE) -> #REF! | R13: =IF(WIS>=R12,TRUE) -> #REF! | S13: =IF(FOC>=S12,TRUE) -> #REF! | T13: =IF(CHA>=T12,TRUE) -> #REF! | U13: =IF(INS>=U12,TRUE) -> #REF! | V13: =IF(CNV>=V12,TRUE) -> #REF! | X13: =IF(Archery>=X12,TRUE) -> #REF! | Y13: =IF(Crossbows>=Y12,TRUE) -> #REF! | Z13: =IF(Daggers>=Z12,TRUE) -> #REF! | AA13: =IF(HandtoHandCombat>=AA12,TRUE) -> #REF! | AB13: =IF(HeavyArmor>=AB12,TRUE) -> #REF! | AC13: =IF(ImprovisedWeaponry>=AC12,TRUE) -> #NAME? | AD13: =IF(LightArmor>=AD12,TRUE) -> #REF! | AE13: =IF(Magicka>=AE12,TRUE) -> #REF! | AF13: =IF(OR(Archery>=AF12,Crossbows>=AF12,Daggers>=AF12,HandtoHandCombat>=AF12,ImprovisedWeaponry>=AF12,Axes>=AF12,Maces>=AF12,Swords>=AF12,Polearms>=AF12,Staves>=AF12,Throwing>=AF12,TwoHandedAxes>=AF12,TwoHandedMaces>=AF12,TwoHandedSwords>=AF12),TRUE) -> #REF! | AG13: =IF(Axes>=AG12,TRUE) -> #REF! | AH13: =IF(Maces>=AH12,TRUE) -> #REF! | AI13: =IF(Swords>=AI12,TRUE) -> #REF! | AJ13: =IF(Polearms>=AJ12,TRUE) -> #REF! | AK13: =IF(Shields>=AK12,TRUE) -> #REF! | AL13: =IF(Staves>=AL12,TRUE) -> #REF! | AM13: =IF(Throwing>=AM12,TRUE) -> #REF! | AN13: =IF(TwoHandedAxes>=AN12,TRUE) -> #NAME? | AO13: =IF(TwoHandedMaces>=AO12,TRUE) -> #NAME? | AP13: =IF(TwoHandedSwords>=AP12,TRUE) -> #NAME? | AR13: =IF(Acrobatics>=AR12,TRUE) -> #REF! | AS13: =IF(Appraisal>=AS12,TRUE) -> #REF! | AT13: =IF(Athletics>=AT12,TRUE) -> #REF! | AU13: =IF(Comprehension>=AU12,TRUE) -> #REF! | AV13: =IF(Expression>=AV12,TRUE) -> #REF! | AW13: =IF(Perception>=AW12,TRUE) -> #REF! | AX13: =IF(Security>=AX12,TRUE) -> #REF! | AY13: =IF(Stealth>=AY12,TRUE) -> #REF! | AZ13: =IF(Streetwise>=AZ12,TRUE) -> #REF! | BA13: =IF(Subterfuge>=BA12,TRUE) -> #REF! | BB13: =IF(Survival>=BB12,TRUE) -> #REF! | BD13: =IF(AncientDraconic>=BD12,TRUE) -> #REF! | BE13: =IF(AquaElven>=BE12,TRUE) -> #REF! | BF13: =IF(BasicElven>=BF12,TRUE) -> #REF! | BG13: =IF(Common>=BG12,TRUE) -> #REF! | BH13: =IF(DarkElven>=BH12,TRUE) -> #REF! | BI13: =IF(Davek>=BI12,TRUE) -> #REF! | BJ13: =IF(Draconic>=BJ12,TRUE) -> #REF! | BK13: =IF(Eulian>=BK12,TRUE) -> #REF! | BL13: =IF(Garonian>=BL12,TRUE) -> #REF! | BM13: =IF(Geovek>=BM12,TRUE) -> #REF! | BN13: =IF(Gnomish>=BN12,TRUE) -> #REF! | BO13: =IF(Goblin>=BO12,TRUE) -> #REF! | BP13: =IF(HighElven>=BP12,TRUE) -> #REF! | BQ13: =IF(Kotaba>=BQ12,TRUE) -> #REF! | BR13: =IF(LowerCommon>=BR12,TRUE) -> #REF! | BS13: =IF(OldElven>=BS12,TRUE) -> #REF! | BT13: =IF(Sylvan>=BT12,TRUE) -> #REF! | BU13: =IF(TrueDraconic>=BU12,TRUE) -> #REF! | BV13: =IF(Volken>=BV12,TRUE) -> #REF! | BW13: =IF(WoodElven>=BW12,TRUE) -> #REF! | BZ13: =MATCH(TRUE,INDEX((INDIRECT(INDEX($1:$1,ROW($1:$1),COLUMN($I:$I)+SUM($BY13:BY13))&$CK13-1&":"&$BW$1&$CK13-1)<>0),0),0) -> 11 | CA13: =MATCH(TRUE,INDEX((INDIRECT(INDEX($1:$1,ROW($1:$1),COLUMN($I:$I)+SUM($BY13:BZ13))&$CK13-1&":"&$BW$1&$CK13-1)<>0),0),0) -> #N/A | CB13: =MATCH(TRUE,INDEX((INDIRECT(INDEX($1:$1,ROW($1:$1),COLUMN($I:$I)+SUM($BY13:CA13))&$CK13-1&":"&$BW$1&$CK13-1)<>0),0),0) -> #N/A | CC13: =MATCH(TRUE,INDEX((INDIRECT(INDEX($1:$1,ROW($1:$1),COLUMN($I:$I)+SUM($BY13:CB13))&$CK13-1&":"&$BW$1&$CK13-1)<>0),0),0) -> #N/A | CD13: =MATCH(TRUE,INDEX((INDIRECT(INDEX($1:$1,ROW($1:$1),COLUMN($I:$I)+SUM($BY13:CC13))&$CK13-1&":"&$BW$1&$CK13-1)<>0),0),0) -> #N/A | CE13: =MATCH(TRUE,INDEX((INDIRECT(INDEX($1:$1,ROW($1:$1),COLUMN($I:$I)+SUM($BY13:CD13))&$CK13-1&":"&$BW$1&$CK13-1)<>0),0),0) -> #N/A | CF13: =MATCH(TRUE,INDEX((INDIRECT(INDEX($1:$1,ROW($1:$1),COLUMN($I:$I)+SUM($BY13:CE13))&$CK13-1&":"&$BW$1&$CK13-1)<>0),0),0) -> #N/A | CG13: =MATCH(TRUE,INDEX((INDIRECT(INDEX($1:$1,ROW($1:$1),COLUMN($I:$I)+SUM($BY13:CF13))&$CK13-1&":"&$BW$1&$CK13-1)<>0),0),0) -> #N/A | ... CJ13: =MATCH(TRUE,INDEX((INDIRECT(INDEX($1:$1,ROW($1:$1),COLUMN($I:$I)+SUM($BY13:CI13))&$CK13-1&":"&$BW$1&$CK13-1)<>0),0),0) -> #N/A | CK13: =ROW(CK13) -> 13
A14: Quick Reactions | B14: =ISERROR(MATCH(FALSE,$J15:$BW15,0)) -> TRUE | C14: =IF(AND(INDEX('General Merits'!$F:$F,MATCH(A14,'General Merits'!$F:$F,0))>0,VLOOKUP(A14,'General Merits'!$F:$Q,10,0)),TRUE,FALSE) -> FALSE | D14: 1 | E14: =D14*100 -> 100 | F14: You gain a +2 merit bonus to your initiative modifier | BX14: =IF(BZ14<>"",BZ14,"")&IF(CA14<>"",", "&CA14,"")&IF(CB14<>"",", "&CB14,"")&IF(CC14<>"",", "&CC14,"")&IF(CD14<>"",", "&CD14,"")&IF(CE14<>"",", "&CE14,"")&IF(CF14<>"",", "&CF14,"")&IF(CG14<>"",", "&CG14,"")&IF(CH14<>"",", "&CH14,"")&IF(CI14<>"",", "&CI14,"") | BZ14: =IF(NOT(ISERROR(BZ15)),IF(COLUMN($I:$I)+SUM($BY15:BZ15)-1<COLUMN($N:$N),INDEX($1:$1048576,ROW(BZ14),SUM($BZ15:BZ15)+COLUMN($I$1)-1),INDEX($3:$3,1,COLUMN($I:$I)+SUM($BY15:BZ15)-1)&" ("&INDEX($1:$1048576,ROW(BZ14),SUM($BZ15:BZ15)+COLUMN($I$1)-1)&")"),"") | CA14: =IF(NOT(ISERROR(CA15)),IF(COLUMN($I:$I)+SUM($BY15:CA15)-1<COLUMN($N:$N),INDEX($1:$1048576,ROW(CA14),SUM($BZ15:CA15)+COLUMN($I$1)-1),INDEX($3:$3,1,COLUMN($I:$I)+SUM($BY15:CA15)-1)&" ("&INDEX($1:$1048576,ROW(CA14),SUM($BZ15:CA15)+COLUMN($I$1)-1)&")"),"") | CB14: =IF(NOT(ISERROR(CB15)),IF(COLUMN($I:$I)+SUM($BY15:CB15)-1<COLUMN($N:$N),INDEX($1:$1048576,ROW(CB14),SUM($BZ15:CB15)+COLUMN($I$1)-1),INDEX($3:$3,1,COLUMN($I:$I)+SUM($BY15:CB15)-1)&" ("&INDEX($1:$1048576,ROW(CB14),SUM($BZ15:CB15)+COLUMN($I$1)-1)&")"),"") | CC14: =IF(NOT(ISERROR(CC15)),IF(COLUMN($I:$I)+SUM($BY15:CC15)-1<COLUMN($N:$N),INDEX($1:$1048576,ROW(CC14),SUM($BZ15:CC15)+COLUMN($I$1)-1),INDEX($3:$3,1,COLUMN($I:$I)+SUM($BY15:CC15)-1)&" ("&INDEX($1:$1048576,ROW(CC14),SUM($BZ15:CC15)+COLUMN($I$1)-1)&")"),"") | CD14: =IF(NOT(ISERROR(CD15)),IF(COLUMN($I:$I)+SUM($BY15:CD15)-1<COLUMN($N:$N),INDEX($1:$1048576,ROW(CD14),SUM($BZ15:CD15)+COLUMN($I$1)-1),INDEX($3:$3,1,COLUMN($I:$I)+SUM($BY15:CD15)-1)&" ("&INDEX($1:$1048576,ROW(CD14),SUM($BZ15:CD15)+COLUMN($I$1)-1)&")"),"") | CE14: =IF(NOT(ISERROR(CE15)),IF(COLUMN($I:$I)+SUM($BY15:CE15)-1<COLUMN($N:$N),INDEX($1:$1048576,ROW(CE14),SUM($BZ15:CE15)+COLUMN($I$1)-1),INDEX($3:$3,1,COLUMN($I:$I)+SUM($BY15:CE15)-1)&" ("&INDEX($1:$1048576,ROW(CE14),SUM($BZ15:CE15)+COLUMN($I$1)-1)&")"),"") | CF14: =IF(NOT(ISERROR(CF15)),IF(COLUMN($I:$I)+SUM($BY15:CF15)-1<COLUMN($N:$N),INDEX($1:$1048576,ROW(CF14),SUM($BZ15:CF15)+COLUMN($I$1)-1),INDEX($3:$3,1,COLUMN($I:$I)+SUM($BY15:CF15)-1)&" ("&INDEX($1:$1048576,ROW(CF14),SUM($BZ15:CF15)+COLUMN($I$1)-1)&")"),"") | CG14: =IF(NOT(ISERROR(CG15)),IF(COLUMN($I:$I)+SUM($BY15:CG15)-1<COLUMN($N:$N),INDEX($1:$1048576,ROW(CG14),SUM($BZ15:CG15)+COLUMN($I$1)-1),INDEX($3:$3,1,COLUMN($I:$I)+SUM($BY15:CG15)-1)&" ("&INDEX($1:$1048576,ROW(CG14),SUM($BZ15:CG15)+COLUMN($I$1)-1)&")"),"") | ... CJ14: =IF(NOT(ISERROR(CJ15)),IF(COLUMN($I:$I)+SUM($BY15:CJ15)-1<COLUMN($N:$N),INDEX($1:$1048576,ROW(CJ14),SUM($BZ15:CJ15)+COLUMN($I$1)-1),INDEX($3:$3,1,COLUMN($I:$I)+SUM($BY15:CJ15)-1)&" ("&INDEX($1:$1048576,ROW(CJ14),SUM($BZ15:CJ15)+COLUMN($I$1)-1)&")"),"")
J15: =IF(J14>0,IF(AND(INDEX('General Merits'!$F:$F,MATCH($J14,'General Merits'!$F:$F,0),1)>0,VLOOKUP('Merit Data'!J14,'General Merits'!$F:$Z,COLUMN('General Merits'!$N:$N),0)),TRUE,FALSE),#N/A) -> #N/A | K15: =IF(K14>0,IF(AND(INDEX('General Merits'!$F:$F,MATCH($J14,'General Merits'!$F:$F,0),1)>0,VLOOKUP('Merit Data'!K14,'General Merits'!$F:$Z,COLUMN('General Merits'!$N:$N),0)),TRUE,FALSE),#N/A) -> #N/A | L15: =IF(L14>0,IF(AND(INDEX('General Merits'!$F:$F,MATCH($J14,'General Merits'!$F:$F,0),1)>0,VLOOKUP('Merit Data'!L14,'General Merits'!$F:$Z,COLUMN('General Merits'!$N:$N),0)),TRUE,FALSE),#N/A) -> #N/A | N15: =IF(STR>=N14,TRUE) -> #REF! | O15: =IF(AGI>=O14,TRUE) -> #REF! | P15: =IF(CON>=P14,TRUE) -> #REF! | Q15: =IF(INT>=Q14,TRUE) -> #REF! | R15: =IF(WIS>=R14,TRUE) -> #REF! | S15: =IF(FOC>=S14,TRUE) -> #REF! | T15: =IF(CHA>=T14,TRUE) -> #REF! | U15: =IF(INS>=U14,TRUE) -> #REF! | V15: =IF(CNV>=V14,TRUE) -> #REF! | X15: =IF(Archery>=X14,TRUE) -> #REF! | Y15: =IF(Crossbows>=Y14,TRUE) -> #REF! | Z15: =IF(Daggers>=Z14,TRUE) -> #REF! | AA15: =IF(HandtoHandCombat>=AA14,TRUE) -> #REF! | AB15: =IF(HeavyArmor>=AB14,TRUE) -> #REF! | AC15: =IF(ImprovisedWeaponry>=AC14,TRUE) -> #NAME? | AD15: =IF(LightArmor>=AD14,TRUE) -> #REF! | AE15: =IF(Magicka>=AE14,TRUE) -> #REF! | AF15: =IF(OR(Archery>=AF14,Crossbows>=AF14,Daggers>=AF14,HandtoHandCombat>=AF14,ImprovisedWeaponry>=AF14,Axes>=AF14,Maces>=AF14,Swords>=AF14,Polearms>=AF14,Staves>=AF14,Throwing>=AF14,TwoHandedAxes>=AF14,TwoHandedMaces>=AF14,TwoHandedSwords>=AF14),TRUE) -> #REF! | AG15: =IF(Axes>=AG14,TRUE) -> #REF! | AH15: =IF(Maces>=AH14,TRUE) -> #REF! | AI15: =IF(Swords>=AI14,TRUE) -> #REF! | AJ15: =IF(Polearms>=AJ14,TRUE) -> #REF! | AK15: =IF(Shields>=AK14,TRUE) -> #REF! | AL15: =IF(Staves>=AL14,TRUE) -> #REF! | AM15: =IF(Throwing>=AM14,TRUE) -> #REF! | AN15: =IF(TwoHandedAxes>=AN14,TRUE) -> #NAME? | AO15: =IF(TwoHandedMaces>=AO14,TRUE) -> #NAME? | AP15: =IF(TwoHandedSwords>=AP14,TRUE) -> #NAME? | AR15: =IF(Acrobatics>=AR14,TRUE) -> #REF! | AS15: =IF(Appraisal>=AS14,TRUE) -> #REF! | AT15: =IF(Athletics>=AT14,TRUE) -> #REF! | AU15: =IF(Comprehension>=AU14,TRUE) -> #REF! | AV15: =IF(Expression>=AV14,TRUE) -> #REF! | AW15: =IF(Perception>=AW14,TRUE) -> #REF! | AX15: =IF(Security>=AX14,TRUE) -> #REF! | AY15: =IF(Stealth>=AY14,TRUE) -> #REF! | AZ15: =IF(Streetwise>=AZ14,TRUE) -> #REF! | BA15: =IF(Subterfuge>=BA14,TRUE) -> #REF! | BB15: =IF(Survival>=BB14,TRUE) -> #REF! | BD15: =IF(AncientDraconic>=BD14,TRUE) -> #REF! | BE15: =IF(AquaElven>=BE14,TRUE) -> #REF! | BF15: =IF(BasicElven>=BF14,TRUE) -> #REF! | BG15: =IF(Common>=BG14,TRUE) -> #REF! | BH15: =IF(DarkElven>=BH14,TRUE) -> #REF! | BI15: =IF(Davek>=BI14,TRUE) -> #REF! | BJ15: =IF(Draconic>=BJ14,TRUE) -> #REF! | BK15: =IF(Eulian>=BK14,TRUE) -> #REF! | BL15: =IF(Garonian>=BL14,TRUE) -> #REF! | BM15: =IF(Geovek>=BM14,TRUE) -> #REF! | BN15: =IF(Gnomish>=BN14,TRUE) -> #REF! | BO15: =IF(Goblin>=BO14,TRUE) -> #REF! | BP15: =IF(HighElven>=BP14,TRUE) -> #REF! | BQ15: =IF(Kotaba>=BQ14,TRUE) -> #REF! | BR15: =IF(LowerCommon>=BR14,TRUE) -> #REF! | BS15: =IF(OldElven>=BS14,TRUE) -> #REF! | BT15: =IF(Sylvan>=BT14,TRUE) -> #REF! | BU15: =IF(TrueDraconic>=BU14,TRUE) -> #REF! | BV15: =IF(Volken>=BV14,TRUE) -> #REF! | BW15: =IF(WoodElven>=BW14,TRUE) -> #REF! | BZ15: =MATCH(TRUE,INDEX((INDIRECT(INDEX($1:$1,ROW($1:$1),COLUMN($I:$I)+SUM($BY15:BY15))&$CK15-1&":"&$BW$1&$CK15-1)<>0),0),0) -> #N/A | CA15: =MATCH(TRUE,INDEX((INDIRECT(INDEX($1:$1,ROW($1:$1),COLUMN($I:$I)+SUM($BY15:BZ15))&$CK15-1&":"&$BW$1&$CK15-1)<>0),0),0) -> #N/A | CB15: =MATCH(TRUE,INDEX((INDIRECT(INDEX($1:$1,ROW($1:$1),COLUMN($I:$I)+SUM($BY15:CA15))&$CK15-1&":"&$BW$1&$CK15-1)<>0),0),0) -> #N/A | CC15: =MATCH(TRUE,INDEX((INDIRECT(INDEX($1:$1,ROW($1:$1),COLUMN($I:$I)+SUM($BY15:CB15))&$CK15-1&":"&$BW$1&$CK15-1)<>0),0),0) -> #N/A | CD15: =MATCH(TRUE,INDEX((INDIRECT(INDEX($1:$1,ROW($1:$1),COLUMN($I:$I)+SUM($BY15:CC15))&$CK15-1&":"&$BW$1&$CK15-1)<>0),0),0) -> #N/A | CE15: =MATCH(TRUE,INDEX((INDIRECT(INDEX($1:$1,ROW($1:$1),COLUMN($I:$I)+SUM($BY15:CD15))&$CK15-1&":"&$BW$1&$CK15-1)<>0),0),0) -> #N/A | CF15: =MATCH(TRUE,INDEX((INDIRECT(INDEX($1:$1,ROW($1:$1),COLUMN($I:$I)+SUM($BY15:CE15))&$CK15-1&":"&$BW$1&$CK15-1)<>0),0),0) -> #N/A | CG15: =MATCH(TRUE,INDEX((INDIRECT(INDEX($1:$1,ROW($1:$1),COLUMN($I:$I)+SUM($BY15:CF15))&$CK15-1&":"&$BW$1&$CK15-1)<>0),0),0) -> #N/A | ... CJ15: =MATCH(TRUE,INDEX((INDIRECT(INDEX($1:$1,ROW($1:$1),COLUMN($I:$I)+SUM($BY15:CI15))&$CK15-1&":"&$BW$1&$CK15-1)<>0),0),0) -> #N/A | CK15: =ROW(CK15) -> 15
A16: Swift Reactions | B16: =ISERROR(MATCH(FALSE,$J17:$BW17,0)) -> FALSE | C16: =IF(AND(INDEX('General Merits'!$F:$F,MATCH(A16,'General Merits'!$F:$F,0))>0,VLOOKUP(A16,'General Merits'!$F:$Q,10,0)),TRUE,FALSE) -> FALSE | D16: 2 | E16: =D16*100 -> 200 | F16: You gain a +4 merit bonus to your initiative modifier | J16: Quick Reactions | BX16: =IF(BZ16<>"",BZ16,"")&IF(CA16<>"",", "&CA16,"")&IF(CB16<>"",", "&CB16,"")&IF(CC16<>"",", "&CC16,"")&IF(CD16<>"",", "&CD16,"")&IF(CE16<>"",", "&CE16,"")&IF(CF16<>"",", "&CF16,"")&IF(CG16<>"",", "&CG16,"")&IF(CH16<>"",", "&CH16,"")&IF(CI16<>"",", "&CI16,"") -> Quick Reactions | BZ16: =IF(NOT(ISERROR(BZ17)),IF(COLUMN($I:$I)+SUM($BY17:BZ17)-1<COLUMN($N:$N),INDEX($1:$1048576,ROW(BZ16),SUM($BZ17:BZ17)+COLUMN($I$1)-1),INDEX($3:$3,1,COLUMN($I:$I)+SUM($BY17:BZ17)-1)&" ("&INDEX($1:$1048576,ROW(BZ16),SUM($BZ17:BZ17)+COLUMN($I$1)-1)&")"),"") -> Quick Reactions | CA16: =IF(NOT(ISERROR(CA17)),IF(COLUMN($I:$I)+SUM($BY17:CA17)-1<COLUMN($N:$N),INDEX($1:$1048576,ROW(CA16),SUM($BZ17:CA17)+COLUMN($I$1)-1),INDEX($3:$3,1,COLUMN($I:$I)+SUM($BY17:CA17)-1)&" ("&INDEX($1:$1048576,ROW(CA16),SUM($BZ17:CA17)+COLUMN($I$1)-1)&")"),"") | CB16: =IF(NOT(ISERROR(CB17)),IF(COLUMN($I:$I)+SUM($BY17:CB17)-1<COLUMN($N:$N),INDEX($1:$1048576,ROW(CB16),SUM($BZ17:CB17)+COLUMN($I$1)-1),INDEX($3:$3,1,COLUMN($I:$I)+SUM($BY17:CB17)-1)&" ("&INDEX($1:$1048576,ROW(CB16),SUM($BZ17:CB17)+COLUMN($I$1)-1)&")"),"") | CC16: =IF(NOT(ISERROR(CC17)),IF(COLUMN($I:$I)+SUM($BY17:CC17)-1<COLUMN($N:$N),INDEX($1:$1048576,ROW(CC16),SUM($BZ17:CC17)+COLUMN($I$1)-1),INDEX($3:$3,1,COLUMN($I:$I)+SUM($BY17:CC17)-1)&" ("&INDEX($1:$1048576,ROW(CC16),SUM($BZ17:CC17)+COLUMN($I$1)-1)&")"),"") | CD16: =IF(NOT(ISERROR(CD17)),IF(COLUMN($I:$I)+SUM($BY17:CD17)-1<COLUMN($N:$N),INDEX($1:$1048576,ROW(CD16),SUM($BZ17:CD17)+COLUMN($I$1)-1),INDEX($3:$3,1,COLUMN($I:$I)+SUM($BY17:CD17)-1)&" ("&INDEX($1:$1048576,ROW(CD16),SUM($BZ17:CD17)+COLUMN($I$1)-1)&")"),"") | CE16: =IF(NOT(ISERROR(CE17)),IF(COLUMN($I:$I)+SUM($BY17:CE17)-1<COLUMN($N:$N),INDEX($1:$1048576,ROW(CE16),SUM($BZ17:CE17)+COLUMN($I$1)-1),INDEX($3:$3,1,COLUMN($I:$I)+SUM($BY17:CE17)-1)&" ("&INDEX($1:$1048576,ROW(CE16),SUM($BZ17:CE17)+COLUMN($I$1)-1)&")"),"") | CF16: =IF(NOT(ISERROR(CF17)),IF(COLUMN($I:$I)+SUM($BY17:CF17)-1<COLUMN($N:$N),INDEX($1:$1048576,ROW(CF16),SUM($BZ17:CF17)+COLUMN($I$1)-1),INDEX($3:$3,1,COLUMN($I:$I)+SUM($BY17:CF17)-1)&" ("&INDEX($1:$1048576,ROW(CF16),SUM($BZ17:CF17)+COLUMN($I$1)-1)&")"),"") | CG16: =IF(NOT(ISERROR(CG17)),IF(COLUMN($I:$I)+SUM($BY17:CG17)-1<COLUMN($N:$N),INDEX($1:$1048576,ROW(CG16),SUM($BZ17:CG17)+COLUMN($I$1)-1),INDEX($3:$3,1,COLUMN($I:$I)+SUM($BY17:CG17)-1)&" ("&INDEX($1:$1048576,ROW(CG16),SUM($BZ17:CG17)+COLUMN($I$1)-1)&")"),"") | ... CJ16: =IF(NOT(ISERROR(CJ17)),IF(COLUMN($I:$I)+SUM($BY17:CJ17)-1<COLUMN($N:$N),INDEX($1:$1048576,ROW(CJ16),SUM($BZ17:CJ17)+COLUMN($I$1)-1),INDEX($3:$3,1,COLUMN($I:$I)+SUM($BY17:CJ17)-1)&" ("&INDEX($1:$1048576,ROW(CJ16),SUM($BZ17:CJ17)+COLUMN($I$1)-1)&")"),"")
J17: =IF(J16>0,IF(AND(INDEX('General Merits'!$F:$F,MATCH($J16,'General Merits'!$F:$F,0),1)>0,VLOOKUP('Merit Data'!J16,'General Merits'!$F:$Z,COLUMN('General Merits'!$N:$N),0)),TRUE,FALSE),#N/A) -> FALSE | K17: =IF(K16>0,IF(AND(INDEX('General Merits'!$F:$F,MATCH($J16,'General Merits'!$F:$F,0),1)>0,VLOOKUP('Merit Data'!K16,'General Merits'!$F:$Z,COLUMN('General Merits'!$N:$N),0)),TRUE,FALSE),#N/A) -> #N/A | L17: =IF(L16>0,IF(AND(INDEX('General Merits'!$F:$F,MATCH($J16,'General Merits'!$F:$F,0),1)>0,VLOOKUP('Merit Data'!L16,'General Merits'!$F:$Z,COLUMN('General Merits'!$N:$N),0)),TRUE,FALSE),#N/A) -> #N/A | N17: =IF(STR>=N16,TRUE) -> #REF! | O17: =IF(AGI>=O16,TRUE) -> #REF! | P17: =IF(CON>=P16,TRUE) -> #REF! | Q17: =IF(INT>=Q16,TRUE) -> #REF! | R17: =IF(WIS>=R16,TRUE) -> #REF! | S17: =IF(FOC>=S16,TRUE) -> #REF! | T17: =IF(CHA>=T16,TRUE) -> #REF! | U17: =IF(INS>=U16,TRUE) -> #REF! | V17: =IF(CNV>=V16,TRUE) -> #REF! | X17: =IF(Archery>=X16,TRUE) -> #REF! | Y17: =IF(Crossbows>=Y16,TRUE) -> #REF! | Z17: =IF(Daggers>=Z16,TRUE) -> #REF! | AA17: =IF(HandtoHandCombat>=AA16,TRUE) -> #REF! | AB17: =IF(HeavyArmor>=AB16,TRUE) -> #REF! | AC17: =IF(ImprovisedWeaponry>=AC16,TRUE) -> #NAME? | AD17: =IF(LightArmor>=AD16,TRUE) -> #REF! | AE17: =IF(Magicka>=AE16,TRUE) -> #REF! | AF17: =IF(OR(Archery>=AF16,Crossbows>=AF16,Daggers>=AF16,HandtoHandCombat>=AF16,ImprovisedWeaponry>=AF16,Axes>=AF16,Maces>=AF16,Swords>=AF16,Polearms>=AF16,Staves>=AF16,Throwing>=AF16,TwoHandedAxes>=AF16,TwoHandedMaces>=AF16,TwoHandedSwords>=AF16),TRUE) -> #REF! | AG17: =IF(Axes>=AG16,TRUE) -> #REF! | AH17: =IF(Maces>=AH16,TRUE) -> #REF! | AI17: =IF(Swords>=AI16,TRUE) -> #REF! | AJ17: =IF(Polearms>=AJ16,TRUE) -> #REF! | AK17: =IF(Shields>=AK16,TRUE) -> #REF! | AL17: =IF(Staves>=AL16,TRUE) -> #REF! | AM17: =IF(Throwing>=AM16,TRUE) -> #REF! | AN17: =IF(TwoHandedAxes>=AN16,TRUE) -> #NAME? | AO17: =IF(TwoHandedMaces>=AO16,TRUE) -> #NAME? | AP17: =IF(TwoHandedSwords>=AP16,TRUE) -> #NAME? | AR17: =IF(Acrobatics>=AR16,TRUE) -> #REF! | AS17: =IF(Appraisal>=AS16,TRUE) -> #REF! | AT17: =IF(Athletics>=AT16,TRUE) -> #REF! | AU17: =IF(Comprehension>=AU16,TRUE) -> #REF! | AV17: =IF(Expression>=AV16,TRUE) -> #REF! | AW17: =IF(Perception>=AW16,TRUE) -> #REF! | AX17: =IF(Security>=AX16,TRUE) -> #REF! | AY17: =IF(Stealth>=AY16,TRUE) -> #REF! | AZ17: =IF(Streetwise>=AZ16,TRUE) -> #REF! | BA17: =IF(Subterfuge>=BA16,TRUE) -> #REF! | BB17: =IF(Survival>=BB16,TRUE) -> #REF! | BD17: =IF(AncientDraconic>=BD16,TRUE) -> #REF! | BE17: =IF(AquaElven>=BE16,TRUE) -> #REF! | BF17: =IF(BasicElven>=BF16,TRUE) -> #REF! | BG17: =IF(Common>=BG16,TRUE) -> #REF! | BH17: =IF(DarkElven>=BH16,TRUE) -> #REF! | BI17: =IF(Davek>=BI16,TRUE) -> #REF! | BJ17: =IF(Draconic>=BJ16,TRUE) -> #REF! | BK17: =IF(Eulian>=BK16,TRUE) -> #REF! | BL17: =IF(Garonian>=BL16,TRUE) -> #REF! | BM17: =IF(Geovek>=BM16,TRUE) -> #REF! | BN17: =IF(Gnomish>=BN16,TRUE) -> #REF! | BO17: =IF(Goblin>=BO16,TRUE) -> #REF! | BP17: =IF(HighElven>=BP16,TRUE) -> #REF! | BQ17: =IF(Kotaba>=BQ16,TRUE) -> #REF! | BR17: =IF(LowerCommon>=BR16,TRUE) -> #REF! | BS17: =IF(OldElven>=BS16,TRUE) -> #REF! | BT17: =IF(Sylvan>=BT16,TRUE) -> #REF! | BU17: =IF(TrueDraconic>=BU16,TRUE) -> #REF! | BV17: =IF(Volken>=BV16,TRUE) -> #REF! | BW17: =IF(WoodElven>=BW16,TRUE) -> #REF! | BZ17: =MATCH(TRUE,INDEX((INDIRECT(INDEX($1:$1,ROW($1:$1),COLUMN($I:$I)+SUM($BY17:BY17))&$CK17-1&":"&$BW$1&$CK17-1)<>0),0),0) -> 2 | CA17: =MATCH(TRUE,INDEX((INDIRECT(INDEX($1:$1,ROW($1:$1),COLUMN($I:$I)+SUM($BY17:BZ17))&$CK17-1&":"&$BW$1&$CK17-1)<>0),0),0) -> #N/A | CB17: =MATCH(TRUE,INDEX((INDIRECT(INDEX($1:$1,ROW($1:$1),COLUMN($I:$I)+SUM($BY17:CA17))&$CK17-1&":"&$BW$1&$CK17-1)<>0),0),0) -> #N/A | CC17: =MATCH(TRUE,INDEX((INDIRECT(INDEX($1:$1,ROW($1:$1),COLUMN($I:$I)+SUM($BY17:CB17))&$CK17-1&":"&$BW$1&$CK17-1)<>0),0),0) -> #N/A | CD17: =MATCH(TRUE,INDEX((INDIRECT(INDEX($1:$1,ROW($1:$1),COLUMN($I:$I)+SUM($BY17:CC17))&$CK17-1&":"&$BW$1&$CK17-1)<>0),0),0) -> #N/A | CE17: =MATCH(TRUE,INDEX((INDIRECT(INDEX($1:$1,ROW($1:$1),COLUMN($I:$I)+SUM($BY17:CD17))&$CK17-1&":"&$BW$1&$CK17-1)<>0),0),0) -> #N/A | CF17: =MATCH(TRUE,INDEX((INDIRECT(INDEX($1:$1,ROW($1:$1),COLUMN($I:$I)+SUM($BY17:CE17))&$CK17-1&":"&$BW$1&$CK17-1)<>0),0),0) -> #N/A | CG17: =MATCH(TRUE,INDEX((INDIRECT(INDEX($1:$1,ROW($1:$1),COLUMN($I:$I)+SUM($BY17:CF17))&$CK17-1&":"&$BW$1&$CK17-1)<>0),0),0) -> #N/A | ... CJ17: =MATCH(TRUE,INDEX((INDIRECT(INDEX($1:$1,ROW($1:$1),COLUMN($I:$I)+SUM($BY17:CI17))&$CK17-1&":"&$BW$1&$CK17-1)<>0),0),0) -> #N/A | CK17: =ROW(CK17) -> 17
A18: Rapid Reactions | B18: =ISERROR(MATCH(FALSE,$J19:$BW19,0)) -> FALSE | C18: =IF(AND(INDEX('General Merits'!$F:$F,MATCH(A18,'General Merits'!$F:$F,0))>0,VLOOKUP(A18,'General Merits'!$F:$Q,10,0)),TRUE,FALSE) -> FALSE | D18: 3 | E18: =D18*100 -> 300 | F18: You gain a +6 merit bonus to your initiative modifier | J18: Swift Reactions | BX18: =IF(BZ18<>"",BZ18,"")&IF(CA18<>"",", "&CA18,"")&IF(CB18<>"",", "&CB18,"")&IF(CC18<>"",", "&CC18,"")&IF(CD18<>"",", "&CD18,"")&IF(CE18<>"",", "&CE18,"")&IF(CF18<>"",", "&CF18,"")&IF(CG18<>"",", "&CG18,"")&IF(CH18<>"",", "&CH18,"")&IF(CI18<>"",", "&CI18,"") -> Swift Reactions | BZ18: =IF(NOT(ISERROR(BZ19)),IF(COLUMN($I:$I)+SUM($BY19:BZ19)-1<COLUMN($N:$N),INDEX($1:$1048576,ROW(BZ18),SUM($BZ19:BZ19)+COLUMN($I$1)-1),INDEX($3:$3,1,COLUMN($I:$I)+SUM($BY19:BZ19)-1)&" ("&INDEX($1:$1048576,ROW(BZ18),SUM($BZ19:BZ19)+COLUMN($I$1)-1)&")"),"") -> Swift Reactions | CA18: =IF(NOT(ISERROR(CA19)),IF(COLUMN($I:$I)+SUM($BY19:CA19)-1<COLUMN($N:$N),INDEX($1:$1048576,ROW(CA18),SUM($BZ19:CA19)+COLUMN($I$1)-1),INDEX($3:$3,1,COLUMN($I:$I)+SUM($BY19:CA19)-1)&" ("&INDEX($1:$1048576,ROW(CA18),SUM($BZ19:CA19)+COLUMN($I$1)-1)&")"),"") | CB18: =IF(NOT(ISERROR(CB19)),IF(COLUMN($I:$I)+SUM($BY19:CB19)-1<COLUMN($N:$N),INDEX($1:$1048576,ROW(CB18),SUM($BZ19:CB19)+COLUMN($I$1)-1),INDEX($3:$3,1,COLUMN($I:$I)+SUM($BY19:CB19)-1)&" ("&INDEX($1:$1048576,ROW(CB18),SUM($BZ19:CB19)+COLUMN($I$1)-1)&")"),"") | CC18: =IF(NOT(ISERROR(CC19)),IF(COLUMN($I:$I)+SUM($BY19:CC19)-1<COLUMN($N:$N),INDEX($1:$1048576,ROW(CC18),SUM($BZ19:CC19)+COLUMN($I$1)-1),INDEX($3:$3,1,COLUMN($I:$I)+SUM($BY19:CC19)-1)&" ("&INDEX($1:$1048576,ROW(CC18),SUM($BZ19:CC19)+COLUMN($I$1)-1)&")"),"") | CD18: =IF(NOT(ISERROR(CD19)),IF(COLUMN($I:$I)+SUM($BY19:CD19)-1<COLUMN($N:$N),INDEX($1:$1048576,ROW(CD18),SUM($BZ19:CD19)+COLUMN($I$1)-1),INDEX($3:$3,1,COLUMN($I:$I)+SUM($BY19:CD19)-1)&" ("&INDEX($1:$1048576,ROW(CD18),SUM($BZ19:CD19)+COLUMN($I$1)-1)&")"),"") | CE18: =IF(NOT(ISERROR(CE19)),IF(COLUMN($I:$I)+SUM($BY19:CE19)-1<COLUMN($N:$N),INDEX($1:$1048576,ROW(CE18),SUM($BZ19:CE19)+COLUMN($I$1)-1),INDEX($3:$3,1,COLUMN($I:$I)+SUM($BY19:CE19)-1)&" ("&INDEX($1:$1048576,ROW(CE18),SUM($BZ19:CE19)+COLUMN($I$1)-1)&")"),"") | CF18: =IF(NOT(ISERROR(CF19)),IF(COLUMN($I:$I)+SUM($BY19:CF19)-1<COLUMN($N:$N),INDEX($1:$1048576,ROW(CF18),SUM($BZ19:CF19)+COLUMN($I$1)-1),INDEX($3:$3,1,COLUMN($I:$I)+SUM($BY19:CF19)-1)&" ("&INDEX($1:$1048576,ROW(CF18),SUM($BZ19:CF19)+COLUMN($I$1)-1)&")"),"") | CG18: =IF(NOT(ISERROR(CG19)),IF(COLUMN($I:$I)+SUM($BY19:CG19)-1<COLUMN($N:$N),INDEX($1:$1048576,ROW(CG18),SUM($BZ19:CG19)+COLUMN($I$1)-1),INDEX($3:$3,1,COLUMN($I:$I)+SUM($BY19:CG19)-1)&" ("&INDEX($1:$1048576,ROW(CG18),SUM($BZ19:CG19)+COLUMN($I$1)-1)&")"),"") | ... CJ18: =IF(NOT(ISERROR(CJ19)),IF(COLUMN($I:$I)+SUM($BY19:CJ19)-1<COLUMN($N:$N),INDEX($1:$1048576,ROW(CJ18),SUM($BZ19:CJ19)+COLUMN($I$1)-1),INDEX($3:$3,1,COLUMN($I:$I)+SUM($BY19:CJ19)-1)&" ("&INDEX($1:$1048576,ROW(CJ18),SUM($BZ19:CJ19)+COLUMN($I$1)-1)&")"),"")
J19: =IF(J18>0,IF(AND(INDEX('General Merits'!$F:$F,MATCH($J18,'General Merits'!$F:$F,0),1)>0,VLOOKUP('Merit Data'!J18,'General Merits'!$F:$Z,COLUMN('General Merits'!$N:$N),0)),TRUE,FALSE),#N/A) -> FALSE | K19: =IF(K18>0,IF(AND(INDEX('General Merits'!$F:$F,MATCH($J18,'General Merits'!$F:$F,0),1)>0,VLOOKUP('Merit Data'!K18,'General Merits'!$F:$Z,COLUMN('General Merits'!$N:$N),0)),TRUE,FALSE),#N/A) -> #N/A | L19: =IF(L18>0,IF(AND(INDEX('General Merits'!$F:$F,MATCH($J18,'General Merits'!$F:$F,0),1)>0,VLOOKUP('Merit Data'!L18,'General Merits'!$F:$Z,COLUMN('General Merits'!$N:$N),0)),TRUE,FALSE),#N/A) -> #N/A | N19: =IF(STR>=N18,TRUE) -> #REF! | O19: =IF(AGI>=O18,TRUE) -> #REF! | P19: =IF(CON>=P18,TRUE) -> #REF! | Q19: =IF(INT>=Q18,TRUE) -> #REF! | R19: =IF(WIS>=R18,TRUE) -> #REF! | S19: =IF(FOC>=S18,TRUE) -> #REF! | T19: =IF(CHA>=T18,TRUE) -> #REF! | U19: =IF(INS>=U18,TRUE) -> #REF! | V19: =IF(CNV>=V18,TRUE) -> #REF! | X19: =IF(Archery>=X18,TRUE) -> #REF! | Y19: =IF(Crossbows>=Y18,TRUE) -> #REF! | Z19: =IF(Daggers>=Z18,TRUE) -> #REF! | AA19: =IF(HandtoHandCombat>=AA18,TRUE) -> #REF! | AB19: =IF(HeavyArmor>=AB18,TRUE) -> #REF! | AC19: =IF(ImprovisedWeaponry>=AC18,TRUE) -> #NAME? | AD19: =IF(LightArmor>=AD18,TRUE) -> #REF! | AE19: =IF(Magicka>=AE18,TRUE) -> #REF! | AF19: =IF(OR(Archery>=AF18,Crossbows>=AF18,Daggers>=AF18,HandtoHandCombat>=AF18,ImprovisedWeaponry>=AF18,Axes>=AF18,Maces>=AF18,Swords>=AF18,Polearms>=AF18,Staves>=AF18,Throwing>=AF18,TwoHandedAxes>=AF18,TwoHandedMaces>=AF18,TwoHandedSwords>=AF18),TRUE) -> #REF! | AG19: =IF(Axes>=AG18,TRUE) -> #REF! | AH19: =IF(Maces>=AH18,TRUE) -> #REF! | AI19: =IF(Swords>=AI18,TRUE) -> #REF! | AJ19: =IF(Polearms>=AJ18,TRUE) -> #REF! | AK19: =IF(Shields>=AK18,TRUE) -> #REF! | AL19: =IF(Staves>=AL18,TRUE) -> #REF! | AM19: =IF(Throwing>=AM18,TRUE) -> #REF! | AN19: =IF(TwoHandedAxes>=AN18,TRUE) -> #NAME? | AO19: =IF(TwoHandedMaces>=AO18,TRUE) -> #NAME? | AP19: =IF(TwoHandedSwords>=AP18,TRUE) -> #NAME? | AR19: =IF(Acrobatics>=AR18,TRUE) -> #REF! | AS19: =IF(Appraisal>=AS18,TRUE) -> #REF! | AT19: =IF(Athletics>=AT18,TRUE) -> #REF! | AU19: =IF(Comprehension>=AU18,TRUE) -> #REF! | AV19: =IF(Expression>=AV18,TRUE) -> #REF! | AW19: =IF(Perception>=AW18,TRUE) -> #REF! | AX19: =IF(Security>=AX18,TRUE) -> #REF! | AY19: =IF(Stealth>=AY18,TRUE) -> #REF! | AZ19: =IF(Streetwise>=AZ18,TRUE) -> #REF! | BA19: =IF(Subterfuge>=BA18,TRUE) -> #REF! | BB19: =IF(Survival>=BB18,TRUE) -> #REF! | BD19: =IF(AncientDraconic>=BD18,TRUE) -> #REF! | BE19: =IF(AquaElven>=BE18,TRUE) -> #REF! | BF19: =IF(BasicElven>=BF18,TRUE) -> #REF! | BG19: =IF(Common>=BG18,TRUE) -> #REF! | BH19: =IF(DarkElven>=BH18,TRUE) -> #REF! | BI19: =IF(Davek>=BI18,TRUE) -> #REF! | BJ19: =IF(Draconic>=BJ18,TRUE) -> #REF! | BK19: =IF(Eulian>=BK18,TRUE) -> #REF! | BL19: =IF(Garonian>=BL18,TRUE) -> #REF! | BM19: =IF(Geovek>=BM18,TRUE) -> #REF! | BN19: =IF(Gnomish>=BN18,TRUE) -> #REF! | BO19: =IF(Goblin>=BO18,TRUE) -> #REF! | BP19: =IF(HighElven>=BP18,TRUE) -> #REF! | BQ19: =IF(Kotaba>=BQ18,TRUE) -> #REF! | BR19: =IF(LowerCommon>=BR18,TRUE) -> #REF! | BS19: =IF(OldElven>=BS18,TRUE) -> #REF! | BT19: =IF(Sylvan>=BT18,TRUE) -> #REF! | BU19: =IF(TrueDraconic>=BU18,TRUE) -> #REF! | BV19: =IF(Volken>=BV18,TRUE) -> #REF! | BW19: =IF(WoodElven>=BW18,TRUE) -> #REF! | BZ19: =MATCH(TRUE,INDEX((INDIRECT(INDEX($1:$1,ROW($1:$1),COLUMN($I:$I)+SUM($BY19:BY19))&$CK19-1&":"&$BW$1&$CK19-1)<>0),0),0) -> 2 | CA19: =MATCH(TRUE,INDEX((INDIRECT(INDEX($1:$1,ROW($1:$1),COLUMN($I:$I)+SUM($BY19:BZ19))&$CK19-1&":"&$BW$1&$CK19-1)<>0),0),0) -> #N/A | CB19: =MATCH(TRUE,INDEX((INDIRECT(INDEX($1:$1,ROW($1:$1),COLUMN($I:$I)+SUM($BY19:CA19))&$CK19-1&":"&$BW$1&$CK19-1)<>0),0),0) -> #N/A | CC19: =MATCH(TRUE,INDEX((INDIRECT(INDEX($1:$1,ROW($1:$1),COLUMN($I:$I)+SUM($BY19:CB19))&$CK19-1&":"&$BW$1&$CK19-1)<>0),0),0) -> #N/A | CD19: =MATCH(TRUE,INDEX((INDIRECT(INDEX($1:$1,ROW($1:$1),COLUMN($I:$I)+SUM($BY19:CC19))&$CK19-1&":"&$BW$1&$CK19-1)<>0),0),0) -> #N/A | CE19: =MATCH(TRUE,INDEX((INDIRECT(INDEX($1:$1,ROW($1:$1),COLUMN($I:$I)+SUM($BY19:CD19))&$CK19-1&":"&$BW$1&$CK19-1)<>0),0),0) -> #N/A | CF19: =MATCH(TRUE,INDEX((INDIRECT(INDEX($1:$1,ROW($1:$1),COLUMN($I:$I)+SUM($BY19:CE19))&$CK19-1&":"&$BW$1&$CK19-1)<>0),0),0) -> #N/A | CG19: =MATCH(TRUE,INDEX((INDIRECT(INDEX($1:$1,ROW($1:$1),COLUMN($I:$I)+SUM($BY19:CF19))&$CK19-1&":"&$BW$1&$CK19-1)<>0),0),0) -> #N/A | ... CJ19: =MATCH(TRUE,INDEX((INDIRECT(INDEX($1:$1,ROW($1:$1),COLUMN($I:$I)+SUM($BY19:CI19))&$CK19-1&":"&$BW$1&$CK19-1)<>0),0),0) -> #N/A | CK19: =ROW(CK19) -> 19
A20: Expeditious Reactions | B20: =ISERROR(MATCH(FALSE,$J21:$BW21,0)) -> FALSE | C20: =IF(AND(INDEX('General Merits'!$F:$F,MATCH(A20,'General Merits'!$F:$F,0))>0,VLOOKUP(A20,'General Merits'!$F:$Q,10,0)),TRUE,FALSE) -> FALSE | D20: 4 | E20: =D20*100 -> 400 | F20: You gain a +8 merit bonus to your initiative modifier | J20: Rapid Reactions | BX20: =IF(BZ20<>"",BZ20,"")&IF(CA20<>"",", "&CA20,"")&IF(CB20<>"",", "&CB20,"")&IF(CC20<>"",", "&CC20,"")&IF(CD20<>"",", "&CD20,"")&IF(CE20<>"",", "&CE20,"")&IF(CF20<>"",", "&CF20,"")&IF(CG20<>"",", "&CG20,"")&IF(CH20<>"",", "&CH20,"")&IF(CI20<>"",", "&CI20,"") -> Rapid Reactions | BZ20: =IF(NOT(ISERROR(BZ21)),IF(COLUMN($I:$I)+SUM($BY21:BZ21)-1<COLUMN($N:$N),INDEX($1:$1048576,ROW(BZ20),SUM($BZ21:BZ21)+COLUMN($I$1)-1),INDEX($3:$3,1,COLUMN($I:$I)+SUM($BY21:BZ21)-1)&" ("&INDEX($1:$1048576,ROW(BZ20),SUM($BZ21:BZ21)+COLUMN($I$1)-1)&")"),"") -> Rapid Reactions | CA20: =IF(NOT(ISERROR(CA21)),IF(COLUMN($I:$I)+SUM($BY21:CA21)-1<COLUMN($N:$N),INDEX($1:$1048576,ROW(CA20),SUM($BZ21:CA21)+COLUMN($I$1)-1),INDEX($3:$3,1,COLUMN($I:$I)+SUM($BY21:CA21)-1)&" ("&INDEX($1:$1048576,ROW(CA20),SUM($BZ21:CA21)+COLUMN($I$1)-1)&")"),"") | CB20: =IF(NOT(ISERROR(CB21)),IF(COLUMN($I:$I)+SUM($BY21:CB21)-1<COLUMN($N:$N),INDEX($1:$1048576,ROW(CB20),SUM($BZ21:CB21)+COLUMN($I$1)-1),INDEX($3:$3,1,COLUMN($I:$I)+SUM($BY21:CB21)-1)&" ("&INDEX($1:$1048576,ROW(CB20),SUM($BZ21:CB21)+COLUMN($I$1)-1)&")"),"") | CC20: =IF(NOT(ISERROR(CC21)),IF(COLUMN($I:$I)+SUM($BY21:CC21)-1<COLUMN($N:$N),INDEX($1:$1048576,ROW(CC20),SUM($BZ21:CC21)+COLUMN($I$1)-1),INDEX($3:$3,1,COLUMN($I:$I)+SUM($BY21:CC21)-1)&" ("&INDEX($1:$1048576,ROW(CC20),SUM($BZ21:CC21)+COLUMN($I$1)-1)&")"),"") | CD20: =IF(NOT(ISERROR(CD21)),IF(COLUMN($I:$I)+SUM($BY21:CD21)-1<COLUMN($N:$N),INDEX($1:$1048576,ROW(CD20),SUM($BZ21:CD21)+COLUMN($I$1)-1),INDEX($3:$3,1,COLUMN($I:$I)+SUM($BY21:CD21)-1)&" ("&INDEX($1:$1048576,ROW(CD20),SUM($BZ21:CD21)+COLUMN($I$1)-1)&")"),"") | CE20: =IF(NOT(ISERROR(CE21)),IF(COLUMN($I:$I)+SUM($BY21:CE21)-1<COLUMN($N:$N),INDEX($1:$1048576,ROW(CE20),SUM($BZ21:CE21)+COLUMN($I$1)-1),INDEX($3:$3,1,COLUMN($I:$I)+SUM($BY21:CE21)-1)&" ("&INDEX($1:$1048576,ROW(CE20),SUM($BZ21:CE21)+COLUMN($I$1)-1)&")"),"") | CF20: =IF(NOT(ISERROR(CF21)),IF(COLUMN($I:$I)+SUM($BY21:CF21)-1<COLUMN($N:$N),INDEX($1:$1048576,ROW(CF20),SUM($BZ21:CF21)+COLUMN($I$1)-1),INDEX($3:$3,1,COLUMN($I:$I)+SUM($BY21:CF21)-1)&" ("&INDEX($1:$1048576,ROW(CF20),SUM($BZ21:CF21)+COLUMN($I$1)-1)&")"),"") | CG20: =IF(NOT(ISERROR(CG21)),IF(COLUMN($I:$I)+SUM($BY21:CG21)-1<COLUMN($N:$N),INDEX($1:$1048576,ROW(CG20),SUM($BZ21:CG21)+COLUMN($I$1)-1),INDEX($3:$3,1,COLUMN($I:$I)+SUM($BY21:CG21)-1)&" ("&INDEX($1:$1048576,ROW(CG20),SUM($BZ21:CG21)+COLUMN($I$1)-1)&")"),"") | ... CJ20: =IF(NOT(ISERROR(CJ21)),IF(COLUMN($I:$I)+SUM($BY21:CJ21)-1<COLUMN($N:$N),INDEX($1:$1048576,ROW(CJ20),SUM($BZ21:CJ21)+COLUMN($I$1)-1),INDEX($3:$3,1,COLUMN($I:$I)+SUM($BY21:CJ21)-1)&" ("&INDEX($1:$1048576,ROW(CJ20),SUM($BZ21:CJ21)+COLUMN($I$1)-1)&")"),"")
J21: =IF(J20>0,IF(AND(INDEX('General Merits'!$F:$F,MATCH($J20,'General Merits'!$F:$F,0),1)>0,VLOOKUP('Merit Data'!J20,'General Merits'!$F:$Z,COLUMN('General Merits'!$N:$N),0)),TRUE,FALSE),#N/A) -> FALSE | K21: =IF(K20>0,IF(AND(INDEX('General Merits'!$F:$F,MATCH($J20,'General Merits'!$F:$F,0),1)>0,VLOOKUP('Merit Data'!K20,'General Merits'!$F:$Z,COLUMN('General Merits'!$N:$N),0)),TRUE,FALSE),#N/A) -> #N/A | L21: =IF(L20>0,IF(AND(INDEX('General Merits'!$F:$F,MATCH($J20,'General Merits'!$F:$F,0),1)>0,VLOOKUP('Merit Data'!L20,'General Merits'!$F:$Z,COLUMN('General Merits'!$N:$N),0)),TRUE,FALSE),#N/A) -> #N/A | N21: =IF(STR>=N20,TRUE) -> #REF! | O21: =IF(AGI>=O20,TRUE) -> #REF! | P21: =IF(CON>=P20,TRUE) -> #REF! | Q21: =IF(INT>=Q20,TRUE) -> #REF! | R21: =IF(WIS>=R20,TRUE) -> #REF! | S21: =IF(FOC>=S20,TRUE) -> #REF! | T21: =IF(CHA>=T20,TRUE) -> #REF! | U21: =IF(INS>=U20,TRUE) -> #REF! | V21: =IF(CNV>=V20,TRUE) -> #REF! | X21: =IF(Archery>=X20,TRUE) -> #REF! | Y21: =IF(Crossbows>=Y20,TRUE) -> #REF! | Z21: =IF(Daggers>=Z20,TRUE) -> #REF! | AA21: =IF(HandtoHandCombat>=AA20,TRUE) -> #REF! | AB21: =IF(HeavyArmor>=AB20,TRUE) -> #REF! | AC21: =IF(ImprovisedWeaponry>=AC20,TRUE) -> #NAME? | AD21: =IF(LightArmor>=AD20,TRUE) -> #REF! | AE21: =IF(Magicka>=AE20,TRUE) -> #REF! | AF21: =IF(OR(Archery>=AF20,Crossbows>=AF20,Daggers>=AF20,HandtoHandCombat>=AF20,ImprovisedWeaponry>=AF20,Axes>=AF20,Maces>=AF20,Swords>=AF20,Polearms>=AF20,Staves>=AF20,Throwing>=AF20,TwoHandedAxes>=AF20,TwoHandedMaces>=AF20,TwoHandedSwords>=AF20),TRUE) -> #REF! | AG21: =IF(Axes>=AG20,TRUE) -> #REF! | AH21: =IF(Maces>=AH20,TRUE) -> #REF! | AI21: =IF(Swords>=AI20,TRUE) -> #REF! | AJ21: =IF(Polearms>=AJ20,TRUE) -> #REF! | AK21: =IF(Shields>=AK20,TRUE) -> #REF! | AL21: =IF(Staves>=AL20,TRUE) -> #REF! | AM21: =IF(Throwing>=AM20,TRUE) -> #REF! | AN21: =IF(TwoHandedAxes>=AN20,TRUE) -> #NAME? | AO21: =IF(TwoHandedMaces>=AO20,TRUE) -> #NAME? | AP21: =IF(TwoHandedSwords>=AP20,TRUE) -> #NAME? | AR21: =IF(Acrobatics>=AR20,TRUE) -> #REF! | AS21: =IF(Appraisal>=AS20,TRUE) -> #REF! | AT21: =IF(Athletics>=AT20,TRUE) -> #REF! | AU21: =IF(Comprehension>=AU20,TRUE) -> #REF! | AV21: =IF(Expression>=AV20,TRUE) -> #REF! | AW21: =IF(Perception>=AW20,TRUE) -> #REF! | AX21: =IF(Security>=AX20,TRUE) -> #REF! | AY21: =IF(Stealth>=AY20,TRUE) -> #REF! | AZ21: =IF(Streetwise>=AZ20,TRUE) -> #REF! | BA21: =IF(Subterfuge>=BA20,TRUE) -> #REF! | BB21: =IF(Survival>=BB20,TRUE) -> #REF! | BD21: =IF(AncientDraconic>=BD20,TRUE) -> #REF! | BE21: =IF(AquaElven>=BE20,TRUE) -> #REF! | BF21: =IF(BasicElven>=BF20,TRUE) -> #REF! | BG21: =IF(Common>=BG20,TRUE) -> #REF! | BH21: =IF(DarkElven>=BH20,TRUE) -> #REF! | BI21: =IF(Davek>=BI20,TRUE) -> #REF! | BJ21: =IF(Draconic>=BJ20,TRUE) -> #REF! | BK21: =IF(Eulian>=BK20,TRUE) -> #REF! | BL21: =IF(Garonian>=BL20,TRUE) -> #REF! | BM21: =IF(Geovek>=BM20,TRUE) -> #REF! | BN21: =IF(Gnomish>=BN20,TRUE) -> #REF! | BO21: =IF(Goblin>=BO20,TRUE) -> #REF! | BP21: =IF(HighElven>=BP20,TRUE) -> #REF! | BQ21: =IF(Kotaba>=BQ20,TRUE) -> #REF! | BR21: =IF(LowerCommon>=BR20,TRUE) -> #REF! | BS21: =IF(OldElven>=BS20,TRUE) -> #REF! | BT21: =IF(Sylvan>=BT20,TRUE) -> #REF! | BU21: =IF(TrueDraconic>=BU20,TRUE) -> #REF! | BV21: =IF(Volken>=BV20,TRUE) -> #REF! | BW21: =IF(WoodElven>=BW20,TRUE) -> #REF! | BZ21: =MATCH(TRUE,INDEX((INDIRECT(INDEX($1:$1,ROW($1:$1),COLUMN($I:$I)+SUM($BY21:BY21))&$CK21-1&":"&$BW$1&$CK21-1)<>0),0),0) -> 2 | CA21: =MATCH(TRUE,INDEX((INDIRECT(INDEX($1:$1,ROW($1:$1),COLUMN($I:$I)+SUM($BY21:BZ21))&$CK21-1&":"&$BW$1&$CK21-1)<>0),0),0) -> #N/A | CB21: =MATCH(TRUE,INDEX((INDIRECT(INDEX($1:$1,ROW($1:$1),COLUMN($I:$I)+SUM($BY21:CA21))&$CK21-1&":"&$BW$1&$CK21-1)<>0),0),0) -> #N/A | CC21: =MATCH(TRUE,INDEX((INDIRECT(INDEX($1:$1,ROW($1:$1),COLUMN($I:$I)+SUM($BY21:CB21))&$CK21-1&":"&$BW$1&$CK21-1)<>0),0),0) -> #N/A | CD21: =MATCH(TRUE,INDEX((INDIRECT(INDEX($1:$1,ROW($1:$1),COLUMN($I:$I)+SUM($BY21:CC21))&$CK21-1&":"&$BW$1&$CK21-1)<>0),0),0) -> #N/A | CE21: =MATCH(TRUE,INDEX((INDIRECT(INDEX($1:$1,ROW($1:$1),COLUMN($I:$I)+SUM($BY21:CD21))&$CK21-1&":"&$BW$1&$CK21-1)<>0),0),0) -> #N/A | CF21: =MATCH(TRUE,INDEX((INDIRECT(INDEX($1:$1,ROW($1:$1),COLUMN($I:$I)+SUM($BY21:CE21))&$CK21-1&":"&$BW$1&$CK21-1)<>0),0),0) -> #N/A | CG21: =MATCH(TRUE,INDEX((INDIRECT(INDEX($1:$1,ROW($1:$1),COLUMN($I:$I)+SUM($BY21:CF21))&$CK21-1&":"&$BW$1&$CK21-1)<>0),0),0) -> #N/A | ... CJ21: =MATCH(TRUE,INDEX((INDIRECT(INDEX($1:$1,ROW($1:$1),COLUMN($I:$I)+SUM($BY21:CI21))&$CK21-1&":"&$BW$1&$CK21-1)<>0),0),0) -> #N/A | CK21: =ROW(CK21) -> 21
A22: Rush | B22: =ISERROR(MATCH(FALSE,$J23:$BW23,0)) -> FALSE | C22: =IF(AND(INDEX('General Merits'!$F:$F,MATCH(A22,'General Merits'!$F:$F,0))>0,VLOOKUP(A22,'General Merits'!$F:$Q,10,0)),TRUE,FALSE) -> FALSE | D22: 4 | E22: =D22*100 -> 400 | F22: 1 TP: You gain 3 Action Points. You can use this up to three times per encounter, but only at the start of your turn. | J22: Swift Reactions | BX22: =IF(BZ22<>"",BZ22,"")&IF(CA22<>"",", "&CA22,"")&IF(CB22<>"",", "&CB22,"")&IF(CC22<>"",", "&CC22,"")&IF(CD22<>"",", "&CD22,"")&IF(CE22<>"",", "&CE22,"")&IF(CF22<>"",", "&CF22,"")&IF(CG22<>"",", "&CG22,"")&IF(CH22<>"",", "&CH22,"")&IF(CI22<>"",", "&CI22,"") -> Swift Reactions | BZ22: =IF(NOT(ISERROR(BZ23)),IF(COLUMN($I:$I)+SUM($BY23:BZ23)-1<COLUMN($N:$N),INDEX($1:$1048576,ROW(BZ22),SUM($BZ23:BZ23)+COLUMN($I$1)-1),INDEX($3:$3,1,COLUMN($I:$I)+SUM($BY23:BZ23)-1)&" ("&INDEX($1:$1048576,ROW(BZ22),SUM($BZ23:BZ23)+COLUMN($I$1)-1)&")"),"") -> Swift Reactions | CA22: =IF(NOT(ISERROR(CA23)),IF(COLUMN($I:$I)+SUM($BY23:CA23)-1<COLUMN($N:$N),INDEX($1:$1048576,ROW(CA22),SUM($BZ23:CA23)+COLUMN($I$1)-1),INDEX($3:$3,1,COLUMN($I:$I)+SUM($BY23:CA23)-1)&" ("&INDEX($1:$1048576,ROW(CA22),SUM($BZ23:CA23)+COLUMN($I$1)-1)&")"),"") | CB22: =IF(NOT(ISERROR(CB23)),IF(COLUMN($I:$I)+SUM($BY23:CB23)-1<COLUMN($N:$N),INDEX($1:$1048576,ROW(CB22),SUM($BZ23:CB23)+COLUMN($I$1)-1),INDEX($3:$3,1,COLUMN($I:$I)+SUM($BY23:CB23)-1)&" ("&INDEX($1:$1048576,ROW(CB22),SUM($BZ23:CB23)+COLUMN($I$1)-1)&")"),"") | CC22: =IF(NOT(ISERROR(CC23)),IF(COLUMN($I:$I)+SUM($BY23:CC23)-1<COLUMN($N:$N),INDEX($1:$1048576,ROW(CC22),SUM($BZ23:CC23)+COLUMN($I$1)-1),INDEX($3:$3,1,COLUMN($I:$I)+SUM($BY23:CC23)-1)&" ("&INDEX($1:$1048576,ROW(CC22),SUM($BZ23:CC23)+COLUMN($I$1)-1)&")"),"") | CD22: =IF(NOT(ISERROR(CD23)),IF(COLUMN($I:$I)+SUM($BY23:CD23)-1<COLUMN($N:$N),INDEX($1:$1048576,ROW(CD22),SUM($BZ23:CD23)+COLUMN($I$1)-1),INDEX($3:$3,1,COLUMN($I:$I)+SUM($BY23:CD23)-1)&" ("&INDEX($1:$1048576,ROW(CD22),SUM($BZ23:CD23)+COLUMN($I$1)-1)&")"),"") | CE22: =IF(NOT(ISERROR(CE23)),IF(COLUMN($I:$I)+SUM($BY23:CE23)-1<COLUMN($N:$N),INDEX($1:$1048576,ROW(CE22),SUM($BZ23:CE23)+COLUMN($I$1)-1),INDEX($3:$3,1,COLUMN($I:$I)+SUM($BY23:CE23)-1)&" ("&INDEX($1:$1048576,ROW(CE22),SUM($BZ23:CE23)+COLUMN($I$1)-1)&")"),"") | CF22: =IF(NOT(ISERROR(CF23)),IF(COLUMN($I:$I)+SUM($BY23:CF23)-1<COLUMN($N:$N),INDEX($1:$1048576,ROW(CF22),SUM($BZ23:CF23)+COLUMN($I$1)-1),INDEX($3:$3,1,COLUMN($I:$I)+SUM($BY23:CF23)-1)&" ("&INDEX($1:$1048576,ROW(CF22),SUM($BZ23:CF23)+COLUMN($I$1)-1)&")"),"") | CG22: =IF(NOT(ISERROR(CG23)),IF(COLUMN($I:$I)+SUM($BY23:CG23)-1<COLUMN($N:$N),INDEX($1:$1048576,ROW(CG22),SUM($BZ23:CG23)+COLUMN($I$1)-1),INDEX($3:$3,1,COLUMN($I:$I)+SUM($BY23:CG23)-1)&" ("&INDEX($1:$1048576,ROW(CG22),SUM($BZ23:CG23)+COLUMN($I$1)-1)&")"),"") | ... CJ22: =IF(NOT(ISERROR(CJ23)),IF(COLUMN($I:$I)+SUM($BY23:CJ23)-1<COLUMN($N:$N),INDEX($1:$1048576,ROW(CJ22),SUM($BZ23:CJ23)+COLUMN($I$1)-1),INDEX($3:$3,1,COLUMN($I:$I)+SUM($BY23:CJ23)-1)&" ("&INDEX($1:$1048576,ROW(CJ22),SUM($BZ23:CJ23)+COLUMN($I$1)-1)&")"),"")
J23: =IF(J22>0,IF(AND(INDEX('General Merits'!$F:$F,MATCH($J22,'General Merits'!$F:$F,0),1)>0,VLOOKUP('Merit Data'!J22,'General Merits'!$F:$Z,COLUMN('General Merits'!$N:$N),0)),TRUE,FALSE),#N/A) -> FALSE | K23: =IF(K22>0,IF(AND(INDEX('General Merits'!$F:$F,MATCH($J22,'General Merits'!$F:$F,0),1)>0,VLOOKUP('Merit Data'!K22,'General Merits'!$F:$Z,COLUMN('General Merits'!$N:$N),0)),TRUE,FALSE),#N/A) -> #N/A | L23: =IF(L22>0,IF(AND(INDEX('General Merits'!$F:$F,MATCH($J22,'General Merits'!$F:$F,0),1)>0,VLOOKUP('Merit Data'!L22,'General Merits'!$F:$Z,COLUMN('General Merits'!$N:$N),0)),TRUE,FALSE),#N/A) -> #N/A | N23: =IF(STR>=N22,TRUE) -> #REF! | O23: =IF(AGI>=O22,TRUE) -> #REF! | P23: =IF(CON>=P22,TRUE) -> #REF! | Q23: =IF(INT>=Q22,TRUE) -> #REF! | R23: =IF(WIS>=R22,TRUE) -> #REF! | S23: =IF(FOC>=S22,TRUE) -> #REF! | T23: =IF(CHA>=T22,TRUE) -> #REF! | U23: =IF(INS>=U22,TRUE) -> #REF! | V23: =IF(CNV>=V22,TRUE) -> #REF! | X23: =IF(Archery>=X22,TRUE) -> #REF! | Y23: =IF(Crossbows>=Y22,TRUE) -> #REF! | Z23: =IF(Daggers>=Z22,TRUE) -> #REF! | AA23: =IF(HandtoHandCombat>=AA22,TRUE) -> #REF! | AB23: =IF(HeavyArmor>=AB22,TRUE) -> #REF! | AC23: =IF(ImprovisedWeaponry>=AC22,TRUE) -> #NAME? | AD23: =IF(LightArmor>=AD22,TRUE) -> #REF! | AE23: =IF(Magicka>=AE22,TRUE) -> #REF! | AF23: =IF(OR(Archery>=AF22,Crossbows>=AF22,Daggers>=AF22,HandtoHandCombat>=AF22,ImprovisedWeaponry>=AF22,Axes>=AF22,Maces>=AF22,Swords>=AF22,Polearms>=AF22,Staves>=AF22,Throwing>=AF22,TwoHandedAxes>=AF22,TwoHandedMaces>=AF22,TwoHandedSwords>=AF22),TRUE) -> #REF! | AG23: =IF(Axes>=AG22,TRUE) -> #REF! | AH23: =IF(Maces>=AH22,TRUE) -> #REF! | AI23: =IF(Swords>=AI22,TRUE) -> #REF! | AJ23: =IF(Polearms>=AJ22,TRUE) -> #REF! | AK23: =IF(Shields>=AK22,TRUE) -> #REF! | AL23: =IF(Staves>=AL22,TRUE) -> #REF! | AM23: =IF(Throwing>=AM22,TRUE) -> #REF! | AN23: =IF(TwoHandedAxes>=AN22,TRUE) -> #NAME? | AO23: =IF(TwoHandedMaces>=AO22,TRUE) -> #NAME? | AP23: =IF(TwoHandedSwords>=AP22,TRUE) -> #NAME? | AR23: =IF(Acrobatics>=AR22,TRUE) -> #REF! | AS23: =IF(Appraisal>=AS22,TRUE) -> #REF! | AT23: =IF(Athletics>=AT22,TRUE) -> #REF! | AU23: =IF(Comprehension>=AU22,TRUE) -> #REF! | AV23: =IF(Expression>=AV22,TRUE) -> #REF! | AW23: =IF(Perception>=AW22,TRUE) -> #REF! | AX23: =IF(Security>=AX22,TRUE) -> #REF! | AY23: =IF(Stealth>=AY22,TRUE) -> #REF! | AZ23: =IF(Streetwise>=AZ22,TRUE) -> #REF! | BA23: =IF(Subterfuge>=BA22,TRUE) -> #REF! | BB23: =IF(Survival>=BB22,TRUE) -> #REF! | BD23: =IF(AncientDraconic>=BD22,TRUE) -> #REF! | BE23: =IF(AquaElven>=BE22,TRUE) -> #REF! | BF23: =IF(BasicElven>=BF22,TRUE) -> #REF! | BG23: =IF(Common>=BG22,TRUE) -> #REF! | BH23: =IF(DarkElven>=BH22,TRUE) -> #REF! | BI23: =IF(Davek>=BI22,TRUE) -> #REF! | BJ23: =IF(Draconic>=BJ22,TRUE) -> #REF! | BK23: =IF(Eulian>=BK22,TRUE) -> #REF! | BL23: =IF(Garonian>=BL22,TRUE) -> #REF! | BM23: =IF(Geovek>=BM22,TRUE) -> #REF! | BN23: =IF(Gnomish>=BN22,TRUE) -> #REF! | BO23: =IF(Goblin>=BO22,TRUE) -> #REF! | BP23: =IF(HighElven>=BP22,TRUE) -> #REF! | BQ23: =IF(Kotaba>=BQ22,TRUE) -> #REF! | BR23: =IF(LowerCommon>=BR22,TRUE) -> #REF! | BS23: =IF(OldElven>=BS22,TRUE) -> #REF! | BT23: =IF(Sylvan>=BT22,TRUE) -> #REF! | BU23: =IF(TrueDraconic>=BU22,TRUE) -> #REF! | BV23: =IF(Volken>=BV22,TRUE) -> #REF! | BW23: =IF(WoodElven>=BW22,TRUE) -> #REF! | BZ23: =MATCH(TRUE,INDEX((INDIRECT(INDEX($1:$1,ROW($1:$1),COLUMN($I:$I)+SUM($BY23:BY23))&$CK23-1&":"&$BW$1&$CK23-1)<>0),0),0) -> 2 | CA23: =MATCH(TRUE,INDEX((INDIRECT(INDEX($1:$1,ROW($1:$1),COLUMN($I:$I)+SUM($BY23:BZ23))&$CK23-1&":"&$BW$1&$CK23-1)<>0),0),0) -> #N/A | CB23: =MATCH(TRUE,INDEX((INDIRECT(INDEX($1:$1,ROW($1:$1),COLUMN($I:$I)+SUM($BY23:CA23))&$CK23-1&":"&$BW$1&$CK23-1)<>0),0),0) -> #N/A | CC23: =MATCH(TRUE,INDEX((INDIRECT(INDEX($1:$1,ROW($1:$1),COLUMN($I:$I)+SUM($BY23:CB23))&$CK23-1&":"&$BW$1&$CK23-1)<>0),0),0) -> #N/A | CD23: =MATCH(TRUE,INDEX((INDIRECT(INDEX($1:$1,ROW($1:$1),COLUMN($I:$I)+SUM($BY23:CC23))&$CK23-1&":"&$BW$1&$CK23-1)<>0),0),0) -> #N/A | CE23: =MATCH(TRUE,INDEX((INDIRECT(INDEX($1:$1,ROW($1:$1),COLUMN($I:$I)+SUM($BY23:CD23))&$CK23-1&":"&$BW$1&$CK23-1)<>0),0),0) -> #N/A | CF23: =MATCH(TRUE,INDEX((INDIRECT(INDEX($1:$1,ROW($1:$1),COLUMN($I:$I)+SUM($BY23:CE23))&$CK23-1&":"&$BW$1&$CK23-1)<>0),0),0) -> #N/A | CG23: =MATCH(TRUE,INDEX((INDIRECT(INDEX($1:$1,ROW($1:$1),COLUMN($I:$I)+SUM($BY23:CF23))&$CK23-1&":"&$BW$1&$CK23-1)<>0),0),0) -> #N/A | ... CJ23: =MATCH(TRUE,INDEX((INDIRECT(INDEX($1:$1,ROW($1:$1),COLUMN($I:$I)+SUM($BY23:CI23))&$CK23-1&":"&$BW$1&$CK23-1)<>0),0),0) -> #N/A | CK23: =ROW(CK23) -> 23
A24: Disarm | B24: =ISERROR(MATCH(FALSE,$J25:$BW25,0)) -> FALSE | C24: =IF(AND(INDEX('General Merits'!$F:$F,MATCH(A24,'General Merits'!$F:$F,0))>0,VLOOKUP(A24,'General Merits'!$F:$Q,10,0)),TRUE,FALSE) -> FALSE | D24: 1 | E24: =D24*100 -> 100 | F24: Make a melee basic attack against your opponent with -4 accuracy and an additional -2 accuracy for each size larger the target object is compared to your weapon. Your opponent may add a weapon skill check to their avoidance against this attack. If you hit, their object is knocked to the ground. | J24: Swift Reactions | R24: 18 | BX24: =IF(BZ24<>"",BZ24,"")&IF(CA24<>"",", "&CA24,"")&IF(CB24<>"",", "&CB24,"")&IF(CC24<>"",", "&CC24,"")&IF(CD24<>"",", "&CD24,"")&IF(CE24<>"",", "&CE24,"")&IF(CF24<>"",", "&CF24,"")&IF(CG24<>"",", "&CG24,"")&IF(CH24<>"",", "&CH24,"")&IF(CI24<>"",", "&CI24,"") -> Swift Reactions, Wisdom (18) | BZ24: =IF(NOT(ISERROR(BZ25)),IF(COLUMN($I:$I)+SUM($BY25:BZ25)-1<COLUMN($N:$N),INDEX($1:$1048576,ROW(BZ24),SUM($BZ25:BZ25)+COLUMN($I$1)-1),INDEX($3:$3,1,COLUMN($I:$I)+SUM($BY25:BZ25)-1)&" ("&INDEX($1:$1048576,ROW(BZ24),SUM($BZ25:BZ25)+COLUMN($I$1)-1)&")"),"") -> Swift Reactions | CA24: =IF(NOT(ISERROR(CA25)),IF(COLUMN($I:$I)+SUM($BY25:CA25)-1<COLUMN($N:$N),INDEX($1:$1048576,ROW(CA24),SUM($BZ25:CA25)+COLUMN($I$1)-1),INDEX($3:$3,1,COLUMN($I:$I)+SUM($BY25:CA25)-1)&" ("&INDEX($1:$1048576,ROW(CA24),SUM($BZ25:CA25)+COLUMN($I$1)-1)&")"),"") -> Wisdom (18) | CB24: =IF(NOT(ISERROR(CB25)),IF(COLUMN($I:$I)+SUM($BY25:CB25)-1<COLUMN($N:$N),INDEX($1:$1048576,ROW(CB24),SUM($BZ25:CB25)+COLUMN($I$1)-1),INDEX($3:$3,1,COLUMN($I:$I)+SUM($BY25:CB25)-1)&" ("&INDEX($1:$1048576,ROW(CB24),SUM($BZ25:CB25)+COLUMN($I$1)-1)&")"),"") | CC24: =IF(NOT(ISERROR(CC25)),IF(COLUMN($I:$I)+SUM($BY25:CC25)-1<COLUMN($N:$N),INDEX($1:$1048576,ROW(CC24),SUM($BZ25:CC25)+COLUMN($I$1)-1),INDEX($3:$3,1,COLUMN($I:$I)+SUM($BY25:CC25)-1)&" ("&INDEX($1:$1048576,ROW(CC24),SUM($BZ25:CC25)+COLUMN($I$1)-1)&")"),"") | CD24: =IF(NOT(ISERROR(CD25)),IF(COLUMN($I:$I)+SUM($BY25:CD25)-1<COLUMN($N:$N),INDEX($1:$1048576,ROW(CD24),SUM($BZ25:CD25)+COLUMN($I$1)-1),INDEX($3:$3,1,COLUMN($I:$I)+SUM($BY25:CD25)-1)&" ("&INDEX($1:$1048576,ROW(CD24),SUM($BZ25:CD25)+COLUMN($I$1)-1)&")"),"") | CE24: =IF(NOT(ISERROR(CE25)),IF(COLUMN($I:$I)+SUM($BY25:CE25)-1<COLUMN($N:$N),INDEX($1:$1048576,ROW(CE24),SUM($BZ25:CE25)+COLUMN($I$1)-1),INDEX($3:$3,1,COLUMN($I:$I)+SUM($BY25:CE25)-1)&" ("&INDEX($1:$1048576,ROW(CE24),SUM($BZ25:CE25)+COLUMN($I$1)-1)&")"),"") | CF24: =IF(NOT(ISERROR(CF25)),IF(COLUMN($I:$I)+SUM($BY25:CF25)-1<COLUMN($N:$N),INDEX($1:$1048576,ROW(CF24),SUM($BZ25:CF25)+COLUMN($I$1)-1),INDEX($3:$3,1,COLUMN($I:$I)+SUM($BY25:CF25)-1)&" ("&INDEX($1:$1048576,ROW(CF24),SUM($BZ25:CF25)+COLUMN($I$1)-1)&")"),"") | CG24: =IF(NOT(ISERROR(CG25)),IF(COLUMN($I:$I)+SUM($BY25:CG25)-1<COLUMN($N:$N),INDEX($1:$1048576,ROW(CG24),SUM($BZ25:CG25)+COLUMN($I$1)-1),INDEX($3:$3,1,COLUMN($I:$I)+SUM($BY25:CG25)-1)&" ("&INDEX($1:$1048576,ROW(CG24),SUM($BZ25:CG25)+COLUMN($I$1)-1)&")"),"") | ... CJ24: =IF(NOT(ISERROR(CJ25)),IF(COLUMN($I:$I)+SUM($BY25:CJ25)-1<COLUMN($N:$N),INDEX($1:$1048576,ROW(CJ24),SUM($BZ25:CJ25)+COLUMN($I$1)-1),INDEX($3:$3,1,COLUMN($I:$I)+SUM($BY25:CJ25)-1)&" ("&INDEX($1:$1048576,ROW(CJ24),SUM($BZ25:CJ25)+COLUMN($I$1)-1)&")"),"")
J25: =IF(J24>0,IF(AND(INDEX('General Merits'!$F:$F,MATCH($J24,'General Merits'!$F:$F,0),1)>0,VLOOKUP('Merit Data'!J24,'General Merits'!$F:$Z,COLUMN('General Merits'!$N:$N),0)),TRUE,FALSE),#N/A) -> FALSE | K25: =IF(K24>0,IF(AND(INDEX('General Merits'!$F:$F,MATCH($J24,'General Merits'!$F:$F,0),1)>0,VLOOKUP('Merit Data'!K24,'General Merits'!$F:$Z,COLUMN('General Merits'!$N:$N),0)),TRUE,FALSE),#N/A) -> #N/A | L25: =IF(L24>0,IF(AND(INDEX('General Merits'!$F:$F,MATCH($J24,'General Merits'!$F:$F,0),1)>0,VLOOKUP('Merit Data'!L24,'General Merits'!$F:$Z,COLUMN('General Merits'!$N:$N),0)),TRUE,FALSE),#N/A) -> #N/A | N25: =IF(STR>=N24,TRUE) -> #REF! | O25: =IF(AGI>=O24,TRUE) -> #REF! | P25: =IF(CON>=P24,TRUE) -> #REF! | Q25: =IF(INT>=Q24,TRUE) -> #REF! | R25: =IF(WIS>=R24,TRUE) -> #REF! | S25: =IF(FOC>=S24,TRUE) -> #REF! | T25: =IF(CHA>=T24,TRUE) -> #REF! | U25: =IF(INS>=U24,TRUE) -> #REF! | V25: =IF(CNV>=V24,TRUE) -> #REF! | X25: =IF(Archery>=X24,TRUE) -> #REF! | Y25: =IF(Crossbows>=Y24,TRUE) -> #REF! | Z25: =IF(Daggers>=Z24,TRUE) -> #REF! | AA25: =IF(HandtoHandCombat>=AA24,TRUE) -> #REF! | AB25: =IF(HeavyArmor>=AB24,TRUE) -> #REF! | AC25: =IF(ImprovisedWeaponry>=AC24,TRUE) -> #NAME? | AD25: =IF(LightArmor>=AD24,TRUE) -> #REF! | AE25: =IF(Magicka>=AE24,TRUE) -> #REF! | AF25: =IF(OR(Archery>=AF24,Crossbows>=AF24,Daggers>=AF24,HandtoHandCombat>=AF24,ImprovisedWeaponry>=AF24,Axes>=AF24,Maces>=AF24,Swords>=AF24,Polearms>=AF24,Staves>=AF24,Throwing>=AF24,TwoHandedAxes>=AF24,TwoHandedMaces>=AF24,TwoHandedSwords>=AF24),TRUE) -> #REF! | AG25: =IF(Axes>=AG24,TRUE) -> #REF! | AH25: =IF(Maces>=AH24,TRUE) -> #REF! | AI25: =IF(Swords>=AI24,TRUE) -> #REF! | AJ25: =IF(Polearms>=AJ24,TRUE) -> #REF! | AK25: =IF(Shields>=AK24,TRUE) -> #REF! | AL25: =IF(Staves>=AL24,TRUE) -> #REF! | AM25: =IF(Throwing>=AM24,TRUE) -> #REF! | AN25: =IF(TwoHandedAxes>=AN24,TRUE) -> #NAME? | AO25: =IF(TwoHandedMaces>=AO24,TRUE) -> #NAME? | AP25: =IF(TwoHandedSwords>=AP24,TRUE) -> #NAME? | AR25: =IF(Acrobatics>=AR24,TRUE) -> #REF! | AS25: =IF(Appraisal>=AS24,TRUE) -> #REF! | AT25: =IF(Athletics>=AT24,TRUE) -> #REF! | AU25: =IF(Comprehension>=AU24,TRUE) -> #REF! | AV25: =IF(Expression>=AV24,TRUE) -> #REF! | AW25: =IF(Perception>=AW24,TRUE) -> #REF! | AX25: =IF(Security>=AX24,TRUE) -> #REF! | AY25: =IF(Stealth>=AY24,TRUE) -> #REF! | AZ25: =IF(Streetwise>=AZ24,TRUE) -> #REF! | BA25: =IF(Subterfuge>=BA24,TRUE) -> #REF! | BB25: =IF(Survival>=BB24,TRUE) -> #REF! | BD25: =IF(AncientDraconic>=BD24,TRUE) -> #REF! | BE25: =IF(AquaElven>=BE24,TRUE) -> #REF! | BF25: =IF(BasicElven>=BF24,TRUE) -> #REF! | BG25: =IF(Common>=BG24,TRUE) -> #REF! | BH25: =IF(DarkElven>=BH24,TRUE) -> #REF! | BI25: =IF(Davek>=BI24,TRUE) -> #REF! | BJ25: =IF(Draconic>=BJ24,TRUE) -> #REF! | BK25: =IF(Eulian>=BK24,TRUE) -> #REF! | BL25: =IF(Garonian>=BL24,TRUE) -> #REF! | BM25: =IF(Geovek>=BM24,TRUE) -> #REF! | BN25: =IF(Gnomish>=BN24,TRUE) -> #REF! | BO25: =IF(Goblin>=BO24,TRUE) -> #REF! | BP25: =IF(HighElven>=BP24,TRUE) -> #REF! | BQ25: =IF(Kotaba>=BQ24,TRUE) -> #REF! | BR25: =IF(LowerCommon>=BR24,TRUE) -> #REF! | BS25: =IF(OldElven>=BS24,TRUE) -> #REF! | BT25: =IF(Sylvan>=BT24,TRUE) -> #REF! | BU25: =IF(TrueDraconic>=BU24,TRUE) -> #REF! | BV25: =IF(Volken>=BV24,TRUE) -> #REF! | BW25: =IF(WoodElven>=BW24,TRUE) -> #REF! | BZ25: =MATCH(TRUE,INDEX((INDIRECT(INDEX($1:$1,ROW($1:$1),COLUMN($I:$I)+SUM($BY25:BY25))&$CK25-1&":"&$BW$1&$CK25-1)<>0),0),0) -> 2 | CA25: =MATCH(TRUE,INDEX((INDIRECT(INDEX($1:$1,ROW($1:$1),COLUMN($I:$I)+SUM($BY25:BZ25))&$CK25-1&":"&$BW$1&$CK25-1)<>0),0),0) -> 8 | CB25: =MATCH(TRUE,INDEX((INDIRECT(INDEX($1:$1,ROW($1:$1),COLUMN($I:$I)+SUM($BY25:CA25))&$CK25-1&":"&$BW$1&$CK25-1)<>0),0),0) -> #N/A | CC25: =MATCH(TRUE,INDEX((INDIRECT(INDEX($1:$1,ROW($1:$1),COLUMN($I:$I)+SUM($BY25:CB25))&$CK25-1&":"&$BW$1&$CK25-1)<>0),0),0) -> #N/A | CD25: =MATCH(TRUE,INDEX((INDIRECT(INDEX($1:$1,ROW($1:$1),COLUMN($I:$I)+SUM($BY25:CC25))&$CK25-1&":"&$BW$1&$CK25-1)<>0),0),0) -> #N/A | CE25: =MATCH(TRUE,INDEX((INDIRECT(INDEX($1:$1,ROW($1:$1),COLUMN($I:$I)+SUM($BY25:CD25))&$CK25-1&":"&$BW$1&$CK25-1)<>0),0),0) -> #N/A | CF25: =MATCH(TRUE,INDEX((INDIRECT(INDEX($1:$1,ROW($1:$1),COLUMN($I:$I)+SUM($BY25:CE25))&$CK25-1&":"&$BW$1&$CK25-1)<>0),0),0) -> #N/A | CG25: =MATCH(TRUE,INDEX((INDIRECT(INDEX($1:$1,ROW($1:$1),COLUMN($I:$I)+SUM($BY25:CF25))&$CK25-1&":"&$BW$1&$CK25-1)<>0),0),0) -> #N/A | ... CJ25: =MATCH(TRUE,INDEX((INDIRECT(INDEX($1:$1,ROW($1:$1),COLUMN($I:$I)+SUM($BY25:CI25))&$CK25-1&":"&$BW$1&$CK25-1)<>0),0),0) -> #N/A | CK25: =ROW(CK25) -> 25
A26: Improved Disarm | B26: =ISERROR(MATCH(FALSE,$J27:$BW27,0)) -> FALSE | C26: =IF(AND(INDEX('General Merits'!$F:$F,MATCH(A26,'General Merits'!$F:$F,0))>0,VLOOKUP(A26,'General Merits'!$F:$Q,10,0)),TRUE,FALSE) -> FALSE | D26: 2 | E26: =D26*100 -> 200 | F26: When you use Disarm, roll twice and use the better result. | J26: Disarm | O26: 18 | AF26: 18 | BX26: =IF(BZ26<>"",BZ26,"")&IF(CA26<>"",", "&CA26,"")&IF(CB26<>"",", "&CB26,"")&IF(CC26<>"",", "&CC26,"")&IF(CD26<>"",", "&CD26,"")&IF(CE26<>"",", "&CE26,"")&IF(CF26<>"",", "&CF26,"")&IF(CG26<>"",", "&CG26,"")&IF(CH26<>"",", "&CH26,"")&IF(CI26<>"",", "&CI26,"") -> Disarm, Agility (18), Weapon Skill (18) | BZ26: =IF(NOT(ISERROR(BZ27)),IF(COLUMN($I:$I)+SUM($BY27:BZ27)-1<COLUMN($N:$N),INDEX($1:$1048576,ROW(BZ26),SUM($BZ27:BZ27)+COLUMN($I$1)-1),INDEX($3:$3,1,COLUMN($I:$I)+SUM($BY27:BZ27)-1)&" ("&INDEX($1:$1048576,ROW(BZ26),SUM($BZ27:BZ27)+COLUMN($I$1)-1)&")"),"") -> Disarm | CA26: =IF(NOT(ISERROR(CA27)),IF(COLUMN($I:$I)+SUM($BY27:CA27)-1<COLUMN($N:$N),INDEX($1:$1048576,ROW(CA26),SUM($BZ27:CA27)+COLUMN($I$1)-1),INDEX($3:$3,1,COLUMN($I:$I)+SUM($BY27:CA27)-1)&" ("&INDEX($1:$1048576,ROW(CA26),SUM($BZ27:CA27)+COLUMN($I$1)-1)&")"),"") -> Agility (18) | CB26: =IF(NOT(ISERROR(CB27)),IF(COLUMN($I:$I)+SUM($BY27:CB27)-1<COLUMN($N:$N),INDEX($1:$1048576,ROW(CB26),SUM($BZ27:CB27)+COLUMN($I$1)-1),INDEX($3:$3,1,COLUMN($I:$I)+SUM($BY27:CB27)-1)&" ("&INDEX($1:$1048576,ROW(CB26),SUM($BZ27:CB27)+COLUMN($I$1)-1)&")"),"") -> Weapon Skill (18) | CC26: =IF(NOT(ISERROR(CC27)),IF(COLUMN($I:$I)+SUM($BY27:CC27)-1<COLUMN($N:$N),INDEX($1:$1048576,ROW(CC26),SUM($BZ27:CC27)+COLUMN($I$1)-1),INDEX($3:$3,1,COLUMN($I:$I)+SUM($BY27:CC27)-1)&" ("&INDEX($1:$1048576,ROW(CC26),SUM($BZ27:CC27)+COLUMN($I$1)-1)&")"),"") | CD26: =IF(NOT(ISERROR(CD27)),IF(COLUMN($I:$I)+SUM($BY27:CD27)-1<COLUMN($N:$N),INDEX($1:$1048576,ROW(CD26),SUM($BZ27:CD27)+COLUMN($I$1)-1),INDEX($3:$3,1,COLUMN($I:$I)+SUM($BY27:CD27)-1)&" ("&INDEX($1:$1048576,ROW(CD26),SUM($BZ27:CD27)+COLUMN($I$1)-1)&")"),"") | CE26: =IF(NOT(ISERROR(CE27)),IF(COLUMN($I:$I)+SUM($BY27:CE27)-1<COLUMN($N:$N),INDEX($1:$1048576,ROW(CE26),SUM($BZ27:CE27)+COLUMN($I$1)-1),INDEX($3:$3,1,COLUMN($I:$I)+SUM($BY27:CE27)-1)&" ("&INDEX($1:$1048576,ROW(CE26),SUM($BZ27:CE27)+COLUMN($I$1)-1)&")"),"") | CF26: =IF(NOT(ISERROR(CF27)),IF(COLUMN($I:$I)+SUM($BY27:CF27)-1<COLUMN($N:$N),INDEX($1:$1048576,ROW(CF26),SUM($BZ27:CF27)+COLUMN($I$1)-1),INDEX($3:$3,1,COLUMN($I:$I)+SUM($BY27:CF27)-1)&" ("&INDEX($1:$1048576,ROW(CF26),SUM($BZ27:CF27)+COLUMN($I$1)-1)&")"),"") | CG26: =IF(NOT(ISERROR(CG27)),IF(COLUMN($I:$I)+SUM($BY27:CG27)-1<COLUMN($N:$N),INDEX($1:$1048576,ROW(CG26),SUM($BZ27:CG27)+COLUMN($I$1)-1),INDEX($3:$3,1,COLUMN($I:$I)+SUM($BY27:CG27)-1)&" ("&INDEX($1:$1048576,ROW(CG26),SUM($BZ27:CG27)+COLUMN($I$1)-1)&")"),"") | ... CJ26: =IF(NOT(ISERROR(CJ27)),IF(COLUMN($I:$I)+SUM($BY27:CJ27)-1<COLUMN($N:$N),INDEX($1:$1048576,ROW(CJ26),SUM($BZ27:CJ27)+COLUMN($I$1)-1),INDEX($3:$3,1,COLUMN($I:$I)+SUM($BY27:CJ27)-1)&" ("&INDEX($1:$1048576,ROW(CJ26),SUM($BZ27:CJ27)+COLUMN($I$1)-1)&")"),"")
J27: =IF(J26>0,IF(AND(INDEX('General Merits'!$F:$F,MATCH($J26,'General Merits'!$F:$F,0),1)>0,VLOOKUP('Merit Data'!J26,'General Merits'!$F:$Z,COLUMN('General Merits'!$N:$N),0)),TRUE,FALSE),#N/A) -> FALSE | K27: =IF(K26>0,IF(AND(INDEX('General Merits'!$F:$F,MATCH($J26,'General Merits'!$F:$F,0),1)>0,VLOOKUP('Merit Data'!K26,'General Merits'!$F:$Z,COLUMN('General Merits'!$N:$N),0)),TRUE,FALSE),#N/A) -> #N/A | L27: =IF(L26>0,IF(AND(INDEX('General Merits'!$F:$F,MATCH($J26,'General Merits'!$F:$F,0),1)>0,VLOOKUP('Merit Data'!L26,'General Merits'!$F:$Z,COLUMN('General Merits'!$N:$N),0)),TRUE,FALSE),#N/A) -> #N/A | N27: =IF(STR>=N26,TRUE) -> #REF! | O27: =IF(AGI>=O26,TRUE) -> #REF! | P27: =IF(CON>=P26,TRUE) -> #REF! | Q27: =IF(INT>=Q26,TRUE) -> #REF! | R27: =IF(WIS>=R26,TRUE) -> #REF! | S27: =IF(FOC>=S26,TRUE) -> #REF! | T27: =IF(CHA>=T26,TRUE) -> #REF! | U27: =IF(INS>=U26,TRUE) -> #REF! | V27: =IF(CNV>=V26,TRUE) -> #REF! | X27: =IF(Archery>=X26,TRUE) -> #REF! | Y27: =IF(Crossbows>=Y26,TRUE) -> #REF! | Z27: =IF(Daggers>=Z26,TRUE) -> #REF! | AA27: =IF(HandtoHandCombat>=AA26,TRUE) -> #REF! | AB27: =IF(HeavyArmor>=AB26,TRUE) -> #REF! | AC27: =IF(ImprovisedWeaponry>=AC26,TRUE) -> #NAME? | AD27: =IF(LightArmor>=AD26,TRUE) -> #REF! | AE27: =IF(Magicka>=AE26,TRUE) -> #REF! | AF27: =IF(OR(Archery>=AF26,Crossbows>=AF26,Daggers>=AF26,HandtoHandCombat>=AF26,ImprovisedWeaponry>=AF26,Axes>=AF26,Maces>=AF26,Swords>=AF26,Polearms>=AF26,Staves>=AF26,Throwing>=AF26,TwoHandedAxes>=AF26,TwoHandedMaces>=AF26,TwoHandedSwords>=AF26),TRUE) -> #REF! | AG27: =IF(Axes>=AG26,TRUE) -> #REF! | AH27: =IF(Maces>=AH26,TRUE) -> #REF! | AI27: =IF(Swords>=AI26,TRUE) -> #REF! | AJ27: =IF(Polearms>=AJ26,TRUE) -> #REF! | AK27: =IF(Shields>=AK26,TRUE) -> #REF! | AL27: =IF(Staves>=AL26,TRUE) -> #REF! | AM27: =IF(Throwing>=AM26,TRUE) -> #REF! | AN27: =IF(TwoHandedAxes>=AN26,TRUE) -> #NAME? | AO27: =IF(TwoHandedMaces>=AO26,TRUE) -> #NAME? | AP27: =IF(TwoHandedSwords>=AP26,TRUE) -> #NAME? | AR27: =IF(Acrobatics>=AR26,TRUE) -> #REF! | AS27: =IF(Appraisal>=AS26,TRUE) -> #REF! | AT27: =IF(Athletics>=AT26,TRUE) -> #REF! | AU27: =IF(Comprehension>=AU26,TRUE) -> #REF! | AV27: =IF(Expression>=AV26,TRUE) -> #REF! | AW27: =IF(Perception>=AW26,TRUE) -> #REF! | AX27: =IF(Security>=AX26,TRUE) -> #REF! | AY27: =IF(Stealth>=AY26,TRUE) -> #REF! | AZ27: =IF(Streetwise>=AZ26,TRUE) -> #REF! | BA27: =IF(Subterfuge>=BA26,TRUE) -> #REF! | BB27: =IF(Survival>=BB26,TRUE) -> #REF! | BD27: =IF(AncientDraconic>=BD26,TRUE) -> #REF! | BE27: =IF(AquaElven>=BE26,TRUE) -> #REF! | BF27: =IF(BasicElven>=BF26,TRUE) -> #REF! | BG27: =IF(Common>=BG26,TRUE) -> #REF! | BH27: =IF(DarkElven>=BH26,TRUE) -> #REF! | BI27: =IF(Davek>=BI26,TRUE) -> #REF! | BJ27: =IF(Draconic>=BJ26,TRUE) -> #REF! | BK27: =IF(Eulian>=BK26,TRUE) -> #REF! | BL27: =IF(Garonian>=BL26,TRUE) -> #REF! | BM27: =IF(Geovek>=BM26,TRUE) -> #REF! | BN27: =IF(Gnomish>=BN26,TRUE) -> #REF! | BO27: =IF(Goblin>=BO26,TRUE) -> #REF! | BP27: =IF(HighElven>=BP26,TRUE) -> #REF! | BQ27: =IF(Kotaba>=BQ26,TRUE) -> #REF! | BR27: =IF(LowerCommon>=BR26,TRUE) -> #REF! | BS27: =IF(OldElven>=BS26,TRUE) -> #REF! | BT27: =IF(Sylvan>=BT26,TRUE) -> #REF! | BU27: =IF(TrueDraconic>=BU26,TRUE) -> #REF! | BV27: =IF(Volken>=BV26,TRUE) -> #REF! | BW27: =IF(WoodElven>=BW26,TRUE) -> #REF! | BZ27: =MATCH(TRUE,INDEX((INDIRECT(INDEX($1:$1,ROW($1:$1),COLUMN($I:$I)+SUM($BY27:BY27))&$CK27-1&":"&$BW$1&$CK27-1)<>0),0),0) -> 2 | CA27: =MATCH(TRUE,INDEX((INDIRECT(INDEX($1:$1,ROW($1:$1),COLUMN($I:$I)+SUM($BY27:BZ27))&$CK27-1&":"&$BW$1&$CK27-1)<>0),0),0) -> 5 | CB27: =MATCH(TRUE,INDEX((INDIRECT(INDEX($1:$1,ROW($1:$1),COLUMN($I:$I)+SUM($BY27:CA27))&$CK27-1&":"&$BW$1&$CK27-1)<>0),0),0) -> 17 | CC27: =MATCH(TRUE,INDEX((INDIRECT(INDEX($1:$1,ROW($1:$1),COLUMN($I:$I)+SUM($BY27:CB27))&$CK27-1&":"&$BW$1&$CK27-1)<>0),0),0) -> #N/A | CD27: =MATCH(TRUE,INDEX((INDIRECT(INDEX($1:$1,ROW($1:$1),COLUMN($I:$I)+SUM($BY27:CC27))&$CK27-1&":"&$BW$1&$CK27-1)<>0),0),0) -> #N/A | CE27: =MATCH(TRUE,INDEX((INDIRECT(INDEX($1:$1,ROW($1:$1),COLUMN($I:$I)+SUM($BY27:CD27))&$CK27-1&":"&$BW$1&$CK27-1)<>0),0),0) -> #N/A | CF27: =MATCH(TRUE,INDEX((INDIRECT(INDEX($1:$1,ROW($1:$1),COLUMN($I:$I)+SUM($BY27:CE27))&$CK27-1&":"&$BW$1&$CK27-1)<>0),0),0) -> #N/A | CG27: =MATCH(TRUE,INDEX((INDIRECT(INDEX($1:$1,ROW($1:$1),COLUMN($I:$I)+SUM($BY27:CF27))&$CK27-1&":"&$BW$1&$CK27-1)<>0),0),0) -> #N/A | ... CJ27: =MATCH(TRUE,INDEX((INDIRECT(INDEX($1:$1,ROW($1:$1),COLUMN($I:$I)+SUM($BY27:CI27))&$CK27-1&":"&$BW$1&$CK27-1)<>0),0),0) -> #N/A | CK27: =ROW(CK27) -> 27
A28: Disarming Accuracy | B28: =ISERROR(MATCH(FALSE,$J29:$BW29,0)) -> FALSE | C28: =IF(AND(INDEX('General Merits'!$F:$F,MATCH(A28,'General Merits'!$F:$F,0))>0,VLOOKUP(A28,'General Merits'!$F:$Q,10,0)),TRUE,FALSE) -> FALSE | D28: 2 | E28: =D28*100 -> 200 | F28: When you use Disarm, you gain a +4 bonus to the attack roll. | J28: Disarm | BX28: =IF(BZ28<>"",BZ28,"")&IF(CA28<>"",", "&CA28,"")&IF(CB28<>"",", "&CB28,"")&IF(CC28<>"",", "&CC28,"")&IF(CD28<>"",", "&CD28,"")&IF(CE28<>"",", "&CE28,"")&IF(CF28<>"",", "&CF28,"")&IF(CG28<>"",", "&CG28,"")&IF(CH28<>"",", "&CH28,"")&IF(CI28<>"",", "&CI28,"") -> Disarm | BZ28: =IF(NOT(ISERROR(BZ29)),IF(COLUMN($I:$I)+SUM($BY29:BZ29)-1<COLUMN($N:$N),INDEX($1:$1048576,ROW(BZ28),SUM($BZ29:BZ29)+COLUMN($I$1)-1),INDEX($3:$3,1,COLUMN($I:$I)+SUM($BY29:BZ29)-1)&" ("&INDEX($1:$1048576,ROW(BZ28),SUM($BZ29:BZ29)+COLUMN($I$1)-1)&")"),"") -> Disarm | CA28: =IF(NOT(ISERROR(CA29)),IF(COLUMN($I:$I)+SUM($BY29:CA29)-1<COLUMN($N:$N),INDEX($1:$1048576,ROW(CA28),SUM($BZ29:CA29)+COLUMN($I$1)-1),INDEX($3:$3,1,COLUMN($I:$I)+SUM($BY29:CA29)-1)&" ("&INDEX($1:$1048576,ROW(CA28),SUM($BZ29:CA29)+COLUMN($I$1)-1)&")"),"") | CB28: =IF(NOT(ISERROR(CB29)),IF(COLUMN($I:$I)+SUM($BY29:CB29)-1<COLUMN($N:$N),INDEX($1:$1048576,ROW(CB28),SUM($BZ29:CB29)+COLUMN($I$1)-1),INDEX($3:$3,1,COLUMN($I:$I)+SUM($BY29:CB29)-1)&" ("&INDEX($1:$1048576,ROW(CB28),SUM($BZ29:CB29)+COLUMN($I$1)-1)&")"),"") | CC28: =IF(NOT(ISERROR(CC29)),IF(COLUMN($I:$I)+SUM($BY29:CC29)-1<COLUMN($N:$N),INDEX($1:$1048576,ROW(CC28),SUM($BZ29:CC29)+COLUMN($I$1)-1),INDEX($3:$3,1,COLUMN($I:$I)+SUM($BY29:CC29)-1)&" ("&INDEX($1:$1048576,ROW(CC28),SUM($BZ29:CC29)+COLUMN($I$1)-1)&")"),"") | CD28: =IF(NOT(ISERROR(CD29)),IF(COLUMN($I:$I)+SUM($BY29:CD29)-1<COLUMN($N:$N),INDEX($1:$1048576,ROW(CD28),SUM($BZ29:CD29)+COLUMN($I$1)-1),INDEX($3:$3,1,COLUMN($I:$I)+SUM($BY29:CD29)-1)&" ("&INDEX($1:$1048576,ROW(CD28),SUM($BZ29:CD29)+COLUMN($I$1)-1)&")"),"") | CE28: =IF(NOT(ISERROR(CE29)),IF(COLUMN($I:$I)+SUM($BY29:CE29)-1<COLUMN($N:$N),INDEX($1:$1048576,ROW(CE28),SUM($BZ29:CE29)+COLUMN($I$1)-1),INDEX($3:$3,1,COLUMN($I:$I)+SUM($BY29:CE29)-1)&" ("&INDEX($1:$1048576,ROW(CE28),SUM($BZ29:CE29)+COLUMN($I$1)-1)&")"),"") | CF28: =IF(NOT(ISERROR(CF29)),IF(COLUMN($I:$I)+SUM($BY29:CF29)-1<COLUMN($N:$N),INDEX($1:$1048576,ROW(CF28),SUM($BZ29:CF29)+COLUMN($I$1)-1),INDEX($3:$3,1,COLUMN($I:$I)+SUM($BY29:CF29)-1)&" ("&INDEX($1:$1048576,ROW(CF28),SUM($BZ29:CF29)+COLUMN($I$1)-1)&")"),"") | CG28: =IF(NOT(ISERROR(CG29)),IF(COLUMN($I:$I)+SUM($BY29:CG29)-1<COLUMN($N:$N),INDEX($1:$1048576,ROW(CG28),SUM($BZ29:CG29)+COLUMN($I$1)-1),INDEX($3:$3,1,COLUMN($I:$I)+SUM($BY29:CG29)-1)&" ("&INDEX($1:$1048576,ROW(CG28),SUM($BZ29:CG29)+COLUMN($I$1)-1)&")"),"") | ... CJ28: =IF(NOT(ISERROR(CJ29)),IF(COLUMN($I:$I)+SUM($BY29:CJ29)-1<COLUMN($N:$N),INDEX($1:$1048576,ROW(CJ28),SUM($BZ29:CJ29)+COLUMN($I$1)-1),INDEX($3:$3,1,COLUMN($I:$I)+SUM($BY29:CJ29)-1)&" ("&INDEX($1:$1048576,ROW(CJ28),SUM($BZ29:CJ29)+COLUMN($I$1)-1)&")"),"")
J29: =IF(J28>0,IF(AND(INDEX('General Merits'!$F:$F,MATCH($J28,'General Merits'!$F:$F,0),1)>0,VLOOKUP('Merit Data'!J28,'General Merits'!$F:$Z,COLUMN('General Merits'!$N:$N),0)),TRUE,FALSE),#N/A) -> FALSE | K29: =IF(K28>0,IF(AND(INDEX('General Merits'!$F:$F,MATCH($J28,'General Merits'!$F:$F,0),1)>0,VLOOKUP('Merit Data'!K28,'General Merits'!$F:$Z,COLUMN('General Merits'!$N:$N),0)),TRUE,FALSE),#N/A) -> #N/A | L29: =IF(L28>0,IF(AND(INDEX('General Merits'!$F:$F,MATCH($J28,'General Merits'!$F:$F,0),1)>0,VLOOKUP('Merit Data'!L28,'General Merits'!$F:$Z,COLUMN('General Merits'!$N:$N),0)),TRUE,FALSE),#N/A) -> #N/A | N29: =IF(STR>=N28,TRUE) -> #REF! | O29: =IF(AGI>=O28,TRUE) -> #REF! | P29: =IF(CON>=P28,TRUE) -> #REF! | Q29: =IF(INT>=Q28,TRUE) -> #REF! | R29: =IF(WIS>=R28,TRUE) -> #REF! | S29: =IF(FOC>=S28,TRUE) -> #REF! | T29: =IF(CHA>=T28,TRUE) -> #REF! | U29: =IF(INS>=U28,TRUE) -> #REF! | V29: =IF(CNV>=V28,TRUE) -> #REF! | X29: =IF(Archery>=X28,TRUE) -> #REF! | Y29: =IF(Crossbows>=Y28,TRUE) -> #REF! | Z29: =IF(Daggers>=Z28,TRUE) -> #REF! | AA29: =IF(HandtoHandCombat>=AA28,TRUE) -> #REF! | AB29: =IF(HeavyArmor>=AB28,TRUE) -> #REF! | AC29: =IF(ImprovisedWeaponry>=AC28,TRUE) -> #NAME? | AD29: =IF(LightArmor>=AD28,TRUE) -> #REF! | AE29: =IF(Magicka>=AE28,TRUE) -> #REF! | AF29: =IF(OR(Archery>=AF28,Crossbows>=AF28,Daggers>=AF28,HandtoHandCombat>=AF28,ImprovisedWeaponry>=AF28,Axes>=AF28,Maces>=AF28,Swords>=AF28,Polearms>=AF28,Staves>=AF28,Throwing>=AF28,TwoHandedAxes>=AF28,TwoHandedMaces>=AF28,TwoHandedSwords>=AF28),TRUE) -> #REF! | AG29: =IF(Axes>=AG28,TRUE) -> #REF! | AH29: =IF(Maces>=AH28,TRUE) -> #REF! | AI29: =IF(Swords>=AI28,TRUE) -> #REF! | AJ29: =IF(Polearms>=AJ28,TRUE) -> #REF! | AK29: =IF(Shields>=AK28,TRUE) -> #REF! | AL29: =IF(Staves>=AL28,TRUE) -> #REF! | AM29: =IF(Throwing>=AM28,TRUE) -> #REF! | AN29: =IF(TwoHandedAxes>=AN28,TRUE) -> #NAME? | AO29: =IF(TwoHandedMaces>=AO28,TRUE) -> #NAME? | AP29: =IF(TwoHandedSwords>=AP28,TRUE) -> #NAME? | AR29: =IF(Acrobatics>=AR28,TRUE) -> #REF! | AS29: =IF(Appraisal>=AS28,TRUE) -> #REF! | AT29: =IF(Athletics>=AT28,TRUE) -> #REF! | AU29: =IF(Comprehension>=AU28,TRUE) -> #REF! | AV29: =IF(Expression>=AV28,TRUE) -> #REF! | AW29: =IF(Perception>=AW28,TRUE) -> #REF! | AX29: =IF(Security>=AX28,TRUE) -> #REF! | AY29: =IF(Stealth>=AY28,TRUE) -> #REF! | AZ29: =IF(Streetwise>=AZ28,TRUE) -> #REF! | BA29: =IF(Subterfuge>=BA28,TRUE) -> #REF! | BB29: =IF(Survival>=BB28,TRUE) -> #REF! | BD29: =IF(AncientDraconic>=BD28,TRUE) -> #REF! | BE29: =IF(AquaElven>=BE28,TRUE) -> #REF! | BF29: =IF(BasicElven>=BF28,TRUE) -> #REF! | BG29: =IF(Common>=BG28,TRUE) -> #REF! | BH29: =IF(DarkElven>=BH28,TRUE) -> #REF! | BI29: =IF(Davek>=BI28,TRUE) -> #REF! | BJ29: =IF(Draconic>=BJ28,TRUE) -> #REF! | BK29: =IF(Eulian>=BK28,TRUE) -> #REF! | BL29: =IF(Garonian>=BL28,TRUE) -> #REF! | BM29: =IF(Geovek>=BM28,TRUE) -> #REF! | BN29: =IF(Gnomish>=BN28,TRUE) -> #REF! | BO29: =IF(Goblin>=BO28,TRUE) -> #REF! | BP29: =IF(HighElven>=BP28,TRUE) -> #REF! | BQ29: =IF(Kotaba>=BQ28,TRUE) -> #REF! | BR29: =IF(LowerCommon>=BR28,TRUE) -> #REF! | BS29: =IF(OldElven>=BS28,TRUE) -> #REF! | BT29: =IF(Sylvan>=BT28,TRUE) -> #REF! | BU29: =IF(TrueDraconic>=BU28,TRUE) -> #REF! | BV29: =IF(Volken>=BV28,TRUE) -> #REF! | BW29: =IF(WoodElven>=BW28,TRUE) -> #REF! | BZ29: =MATCH(TRUE,INDEX((INDIRECT(INDEX($1:$1,ROW($1:$1),COLUMN($I:$I)+SUM($BY29:BY29))&$CK29-1&":"&$BW$1&$CK29-1)<>0),0),0) -> 2 | CA29: =MATCH(TRUE,INDEX((INDIRECT(INDEX($1:$1,ROW($1:$1),COLUMN($I:$I)+SUM($BY29:BZ29))&$CK29-1&":"&$BW$1&$CK29-1)<>0),0),0) -> #N/A | CB29: =MATCH(TRUE,INDEX((INDIRECT(INDEX($1:$1,ROW($1:$1),COLUMN($I:$I)+SUM($BY29:CA29))&$CK29-1&":"&$BW$1&$CK29-1)<>0),0),0) -> #N/A | CC29: =MATCH(TRUE,INDEX((INDIRECT(INDEX($1:$1,ROW($1:$1),COLUMN($I:$I)+SUM($BY29:CB29))&$CK29-1&":"&$BW$1&$CK29-1)<>0),0),0) -> #N/A | CD29: =MATCH(TRUE,INDEX((INDIRECT(INDEX($1:$1,ROW($1:$1),COLUMN($I:$I)+SUM($BY29:CC29))&$CK29-1&":"&$BW$1&$CK29-1)<>0),0),0) -> #N/A | CE29: =MATCH(TRUE,INDEX((INDIRECT(INDEX($1:$1,ROW($1:$1),COLUMN($I:$I)+SUM($BY29:CD29))&$CK29-1&":"&$BW$1&$CK29-1)<>0),0),0) -> #N/A | CF29: =MATCH(TRUE,INDEX((INDIRECT(INDEX($1:$1,ROW($1:$1),COLUMN($I:$I)+SUM($BY29:CE29))&$CK29-1&":"&$BW$1&$CK29-1)<>0),0),0) -> #N/A | CG29: =MATCH(TRUE,INDEX((INDIRECT(INDEX($1:$1,ROW($1:$1),COLUMN($I:$I)+SUM($BY29:CF29))&$CK29-1&":"&$BW$1&$CK29-1)<>0),0),0) -> #N/A | ... CJ29: =MATCH(TRUE,INDEX((INDIRECT(INDEX($1:$1,ROW($1:$1),COLUMN($I:$I)+SUM($BY29:CI29))&$CK29-1&":"&$BW$1&$CK29-1)<>0),0),0) -> #N/A | CK29: =ROW(CK29) -> 29
A30: Evasion | B30: =ISERROR(MATCH(FALSE,$J31:$BW31,0)) -> TRUE | C30: =IF(AND(INDEX('General Merits'!$F:$F,MATCH(A30,'General Merits'!$F:$F,0))>0,VLOOKUP(A30,'General Merits'!$F:$Q,10,0)),TRUE,FALSE) -> FALSE | D30: 2 | E30: =D30*100 -> 200 | F30: When you are attacked by the last opponent you made a melee attack against, you may pay 5 AP to add an acrobatics check to your dodge. | O30: 18 | AR30: 8 | BX30: =IF(BZ30<>"",BZ30,"")&IF(CA30<>"",", "&CA30,"")&IF(CB30<>"",", "&CB30,"")&IF(CC30<>"",", "&CC30,"")&IF(CD30<>"",", "&CD30,"")&IF(CE30<>"",", "&CE30,"")&IF(CF30<>"",", "&CF30,"")&IF(CG30<>"",", "&CG30,"")&IF(CH30<>"",", "&CH30,"")&IF(CI30<>"",", "&CI30,"") -> Agility (18), Acrobatics (8) | BZ30: =IF(NOT(ISERROR(BZ31)),IF(COLUMN($I:$I)+SUM($BY31:BZ31)-1<COLUMN($N:$N),INDEX($1:$1048576,ROW(BZ30),SUM($BZ31:BZ31)+COLUMN($I$1)-1),INDEX($3:$3,1,COLUMN($I:$I)+SUM($BY31:BZ31)-1)&" ("&INDEX($1:$1048576,ROW(BZ30),SUM($BZ31:BZ31)+COLUMN($I$1)-1)&")"),"") -> Agility (18) | CA30: =IF(NOT(ISERROR(CA31)),IF(COLUMN($I:$I)+SUM($BY31:CA31)-1<COLUMN($N:$N),INDEX($1:$1048576,ROW(CA30),SUM($BZ31:CA31)+COLUMN($I$1)-1),INDEX($3:$3,1,COLUMN($I:$I)+SUM($BY31:CA31)-1)&" ("&INDEX($1:$1048576,ROW(CA30),SUM($BZ31:CA31)+COLUMN($I$1)-1)&")"),"") -> Acrobatics (8) | CB30: =IF(NOT(ISERROR(CB31)),IF(COLUMN($I:$I)+SUM($BY31:CB31)-1<COLUMN($N:$N),INDEX($1:$1048576,ROW(CB30),SUM($BZ31:CB31)+COLUMN($I$1)-1),INDEX($3:$3,1,COLUMN($I:$I)+SUM($BY31:CB31)-1)&" ("&INDEX($1:$1048576,ROW(CB30),SUM($BZ31:CB31)+COLUMN($I$1)-1)&")"),"") | CC30: =IF(NOT(ISERROR(CC31)),IF(COLUMN($I:$I)+SUM($BY31:CC31)-1<COLUMN($N:$N),INDEX($1:$1048576,ROW(CC30),SUM($BZ31:CC31)+COLUMN($I$1)-1),INDEX($3:$3,1,COLUMN($I:$I)+SUM($BY31:CC31)-1)&" ("&INDEX($1:$1048576,ROW(CC30),SUM($BZ31:CC31)+COLUMN($I$1)-1)&")"),"") | CD30: =IF(NOT(ISERROR(CD31)),IF(COLUMN($I:$I)+SUM($BY31:CD31)-1<COLUMN($N:$N),INDEX($1:$1048576,ROW(CD30),SUM($BZ31:CD31)+COLUMN($I$1)-1),INDEX($3:$3,1,COLUMN($I:$I)+SUM($BY31:CD31)-1)&" ("&INDEX($1:$1048576,ROW(CD30),SUM($BZ31:CD31)+COLUMN($I$1)-1)&")"),"") | CE30: =IF(NOT(ISERROR(CE31)),IF(COLUMN($I:$I)+SUM($BY31:CE31)-1<COLUMN($N:$N),INDEX($1:$1048576,ROW(CE30),SUM($BZ31:CE31)+COLUMN($I$1)-1),INDEX($3:$3,1,COLUMN($I:$I)+SUM($BY31:CE31)-1)&" ("&INDEX($1:$1048576,ROW(CE30),SUM($BZ31:CE31)+COLUMN($I$1)-1)&")"),"") | CF30: =IF(NOT(ISERROR(CF31)),IF(COLUMN($I:$I)+SUM($BY31:CF31)-1<COLUMN($N:$N),INDEX($1:$1048576,ROW(CF30),SUM($BZ31:CF31)+COLUMN($I$1)-1),INDEX($3:$3,1,COLUMN($I:$I)+SUM($BY31:CF31)-1)&" ("&INDEX($1:$1048576,ROW(CF30),SUM($BZ31:CF31)+COLUMN($I$1)-1)&")"),"") | CG30: =IF(NOT(ISERROR(CG31)),IF(COLUMN($I:$I)+SUM($BY31:CG31)-1<COLUMN($N:$N),INDEX($1:$1048576,ROW(CG30),SUM($BZ31:CG31)+COLUMN($I$1)-1),INDEX($3:$3,1,COLUMN($I:$I)+SUM($BY31:CG31)-1)&" ("&INDEX($1:$1048576,ROW(CG30),SUM($BZ31:CG31)+COLUMN($I$1)-1)&")"),"") | ... CJ30: =IF(NOT(ISERROR(CJ31)),IF(COLUMN($I:$I)+SUM($BY31:CJ31)-1<COLUMN($N:$N),INDEX($1:$1048576,ROW(CJ30),SUM($BZ31:CJ31)+COLUMN($I$1)-1),INDEX($3:$3,1,COLUMN($I:$I)+SUM($BY31:CJ31)-1)&" ("&INDEX($1:$1048576,ROW(CJ30),SUM($BZ31:CJ31)+COLUMN($I$1)-1)&")"),"")
J31: =IF(J30>0,IF(AND(INDEX('General Merits'!$F:$F,MATCH($J30,'General Merits'!$F:$F,0),1)>0,VLOOKUP('Merit Data'!J30,'General Merits'!$F:$Z,COLUMN('General Merits'!$N:$N),0)),TRUE,FALSE),#N/A) -> #N/A | K31: =IF(K30>0,IF(AND(INDEX('General Merits'!$F:$F,MATCH($J30,'General Merits'!$F:$F,0),1)>0,VLOOKUP('Merit Data'!K30,'General Merits'!$F:$Z,COLUMN('General Merits'!$N:$N),0)),TRUE,FALSE),#N/A) -> #N/A | L31: =IF(L30>0,IF(AND(INDEX('General Merits'!$F:$F,MATCH($J30,'General Merits'!$F:$F,0),1)>0,VLOOKUP('Merit Data'!L30,'General Merits'!$F:$Z,COLUMN('General Merits'!$N:$N),0)),TRUE,FALSE),#N/A) -> #N/A | N31: =IF(STR>=N30,TRUE) -> #REF! | O31: =IF(AGI>=O30,TRUE) -> #REF! | P31: =IF(CON>=P30,TRUE) -> #REF! | Q31: =IF(INT>=Q30,TRUE) -> #REF! | R31: =IF(WIS>=R30,TRUE) -> #REF! | S31: =IF(FOC>=S30,TRUE) -> #REF! | T31: =IF(CHA>=T30,TRUE) -> #REF! | U31: =IF(INS>=U30,TRUE) -> #REF! | V31: =IF(CNV>=V30,TRUE) -> #REF! | X31: =IF(Archery>=X30,TRUE) -> #REF! | Y31: =IF(Crossbows>=Y30,TRUE) -> #REF! | Z31: =IF(Daggers>=Z30,TRUE) -> #REF! | AA31: =IF(HandtoHandCombat>=AA30,TRUE) -> #REF! | AB31: =IF(HeavyArmor>=AB30,TRUE) -> #REF! | AC31: =IF(ImprovisedWeaponry>=AC30,TRUE) -> #NAME? | AD31: =IF(LightArmor>=AD30,TRUE) -> #REF! | AE31: =IF(Magicka>=AE30,TRUE) -> #REF! | AF31: =IF(OR(Archery>=AF30,Crossbows>=AF30,Daggers>=AF30,HandtoHandCombat>=AF30,ImprovisedWeaponry>=AF30,Axes>=AF30,Maces>=AF30,Swords>=AF30,Polearms>=AF30,Staves>=AF30,Throwing>=AF30,TwoHandedAxes>=AF30,TwoHandedMaces>=AF30,TwoHandedSwords>=AF30),TRUE) -> #REF! | AG31: =IF(Axes>=AG30,TRUE) -> #REF! | AH31: =IF(Maces>=AH30,TRUE) -> #REF! | AI31: =IF(Swords>=AI30,TRUE) -> #REF! | AJ31: =IF(Polearms>=AJ30,TRUE) -> #REF! | AK31: =IF(Shields>=AK30,TRUE) -> #REF! | AL31: =IF(Staves>=AL30,TRUE) -> #REF! | AM31: =IF(Throwing>=AM30,TRUE) -> #REF! | AN31: =IF(TwoHandedAxes>=AN30,TRUE) -> #NAME? | AO31: =IF(TwoHandedMaces>=AO30,TRUE) -> #NAME? | AP31: =IF(TwoHandedSwords>=AP30,TRUE) -> #NAME? | AR31: =IF(Acrobatics>=AR30,TRUE) -> #REF! | AS31: =IF(Appraisal>=AS30,TRUE) -> #REF! | AT31: =IF(Athletics>=AT30,TRUE) -> #REF! | AU31: =IF(Comprehension>=AU30,TRUE) -> #REF! | AV31: =IF(Expression>=AV30,TRUE) -> #REF! | AW31: =IF(Perception>=AW30,TRUE) -> #REF! | AX31: =IF(Security>=AX30,TRUE) -> #REF! | AY31: =IF(Stealth>=AY30,TRUE) -> #REF! | AZ31: =IF(Streetwise>=AZ30,TRUE) -> #REF! | BA31: =IF(Subterfuge>=BA30,TRUE) -> #REF! | BB31: =IF(Survival>=BB30,TRUE) -> #REF! | BD31: =IF(AncientDraconic>=BD30,TRUE) -> #REF! | BE31: =IF(AquaElven>=BE30,TRUE) -> #REF! | BF31: =IF(BasicElven>=BF30,TRUE) -> #REF! | BG31: =IF(Common>=BG30,TRUE) -> #REF! | BH31: =IF(DarkElven>=BH30,TRUE) -> #REF! | BI31: =IF(Davek>=BI30,TRUE) -> #REF! | BJ31: =IF(Draconic>=BJ30,TRUE) -> #REF! | BK31: =IF(Eulian>=BK30,TRUE) -> #REF! | BL31: =IF(Garonian>=BL30,TRUE) -> #REF! | BM31: =IF(Geovek>=BM30,TRUE) -> #REF! | BN31: =IF(Gnomish>=BN30,TRUE) -> #REF! | BO31: =IF(Goblin>=BO30,TRUE) -> #REF! | BP31: =IF(HighElven>=BP30,TRUE) -> #REF! | BQ31: =IF(Kotaba>=BQ30,TRUE) -> #REF! | BR31: =IF(LowerCommon>=BR30,TRUE) -> #REF! | BS31: =IF(OldElven>=BS30,TRUE) -> #REF! | BT31: =IF(Sylvan>=BT30,TRUE) -> #REF! | BU31: =IF(TrueDraconic>=BU30,TRUE) -> #REF! | BV31: =IF(Volken>=BV30,TRUE) -> #REF! | BW31: =IF(WoodElven>=BW30,TRUE) -> #REF! | BZ31: =MATCH(TRUE,INDEX((INDIRECT(INDEX($1:$1,ROW($1:$1),COLUMN($I:$I)+SUM($BY31:BY31))&$CK31-1&":"&$BW$1&$CK31-1)<>0),0),0) -> 7 | CA31: =MATCH(TRUE,INDEX((INDIRECT(INDEX($1:$1,ROW($1:$1),COLUMN($I:$I)+SUM($BY31:BZ31))&$CK31-1&":"&$BW$1&$CK31-1)<>0),0),0) -> 29 | CB31: =MATCH(TRUE,INDEX((INDIRECT(INDEX($1:$1,ROW($1:$1),COLUMN($I:$I)+SUM($BY31:CA31))&$CK31-1&":"&$BW$1&$CK31-1)<>0),0),0) -> #N/A | CC31: =MATCH(TRUE,INDEX((INDIRECT(INDEX($1:$1,ROW($1:$1),COLUMN($I:$I)+SUM($BY31:CB31))&$CK31-1&":"&$BW$1&$CK31-1)<>0),0),0) -> #N/A | CD31: =MATCH(TRUE,INDEX((INDIRECT(INDEX($1:$1,ROW($1:$1),COLUMN($I:$I)+SUM($BY31:CC31))&$CK31-1&":"&$BW$1&$CK31-1)<>0),0),0) -> #N/A | CE31: =MATCH(TRUE,INDEX((INDIRECT(INDEX($1:$1,ROW($1:$1),COLUMN($I:$I)+SUM($BY31:CD31))&$CK31-1&":"&$BW$1&$CK31-1)<>0),0),0) -> #N/A | CF31: =MATCH(TRUE,INDEX((INDIRECT(INDEX($1:$1,ROW($1:$1),COLUMN($I:$I)+SUM($BY31:CE31))&$CK31-1&":"&$BW$1&$CK31-1)<>0),0),0) -> #N/A | CG31: =MATCH(TRUE,INDEX((INDIRECT(INDEX($1:$1,ROW($1:$1),COLUMN($I:$I)+SUM($BY31:CF31))&$CK31-1&":"&$BW$1&$CK31-1)<>0),0),0) -> #N/A | ... CJ31: =MATCH(TRUE,INDEX((INDIRECT(INDEX($1:$1,ROW($1:$1),COLUMN($I:$I)+SUM($BY31:CI31))&$CK31-1&":"&$BW$1&$CK31-1)<>0),0),0) -> #N/A | CK31: =ROW(CK31) -> 31
A32: Uncanny Dodge | B32: =ISERROR(MATCH(FALSE,$J33:$BW33,0)) -> TRUE | C32: =IF(AND(INDEX('General Merits'!$F:$F,MATCH(A32,'General Merits'!$F:$F,0))>0,VLOOKUP(A32,'General Merits'!$F:$Q,10,0)),TRUE,FALSE) -> FALSE | D32: 2 | E32: =D32*100 -> 200 | F32: You are subconsciously aware of danger. When you provide advantage, you provide 2 less accuracy bonus. | U32: 23 | BX32: =IF(BZ32<>"",BZ32,"")&IF(CA32<>"",", "&CA32,"")&IF(CB32<>"",", "&CB32,"")&IF(CC32<>"",", "&CC32,"")&IF(CD32<>"",", "&CD32,"")&IF(CE32<>"",", "&CE32,"")&IF(CF32<>"",", "&CF32,"")&IF(CG32<>"",", "&CG32,"")&IF(CH32<>"",", "&CH32,"")&IF(CI32<>"",", "&CI32,"") -> 23 | BZ32: =IF(NOT(ISERROR(BZ33)),IF(NOT(ISERROR(INDIRECT(SUBSTITUTE(INDEX($1:$1048576,ROW($3:$3),SUM($BZ33:BZ33)+COLUMN($I$1)-1)," ","")&"Title"))),INDIRECT(SUBSTITUTE(INDEX($1:$1048576,ROW($3:$3),SUM($BZ33:BZ33)+COLUMN($I$1)-1)," ","")&"Title")&"("&INDEX($1:$1048576,ROW(BZ32),SUM($BZ33:BZ33)+COLUMN($I$1)-1)&")",INDEX($1:$1048576,ROW(BZ32),SUM($BZ33:BZ33)+COLUMN($I$1)-1)),"") -> 23 | CA32: =IF(NOT(ISERROR(CA33)),IF(NOT(ISERROR(INDIRECT(SUBSTITUTE(INDEX($1:$1048576,ROW($3:$3),SUM($BZ33:CA33)+COLUMN($I$1)-1)," ","")&"Title"))),INDIRECT(SUBSTITUTE(INDEX($1:$1048576,ROW($3:$3),SUM($BZ33:CA33)+COLUMN($I$1)-1)," ","")&"Title")&"("&INDEX($1:$1048576,ROW(CA32),SUM($BZ33:CA33)+COLUMN($I$1)-1)&")",INDEX($1:$1048576,ROW(CA32),SUM($BZ33:CA33)+COLUMN($I$1)-1)),"") | CB32: =IF(NOT(ISERROR(CB33)),IF(NOT(ISERROR(INDIRECT(SUBSTITUTE(INDEX($1:$1048576,ROW($3:$3),SUM($BZ33:CB33)+COLUMN($I$1)-1)," ","")&"Title"))),INDIRECT(SUBSTITUTE(INDEX($1:$1048576,ROW($3:$3),SUM($BZ33:CB33)+COLUMN($I$1)-1)," ","")&"Title")&"("&INDEX($1:$1048576,ROW(CB32),SUM($BZ33:CB33)+COLUMN($I$1)-1)&")",INDEX($1:$1048576,ROW(CB32),SUM($BZ33:CB33)+COLUMN($I$1)-1)),"") | CC32: =IF(NOT(ISERROR(CC33)),IF(NOT(ISERROR(INDIRECT(SUBSTITUTE(INDEX($1:$1048576,ROW($3:$3),SUM($BZ33:CC33)+COLUMN($I$1)-1)," ","")&"Title"))),INDIRECT(SUBSTITUTE(INDEX($1:$1048576,ROW($3:$3),SUM($BZ33:CC33)+COLUMN($I$1)-1)," ","")&"Title")&"("&INDEX($1:$1048576,ROW(CC32),SUM($BZ33:CC33)+COLUMN($I$1)-1)&")",INDEX($1:$1048576,ROW(CC32),SUM($BZ33:CC33)+COLUMN($I$1)-1)),"") | CD32: =IF(NOT(ISERROR(CD33)),IF(NOT(ISERROR(INDIRECT(SUBSTITUTE(INDEX($1:$1048576,ROW($3:$3),SUM($BZ33:CD33)+COLUMN($I$1)-1)," ","")&"Title"))),INDIRECT(SUBSTITUTE(INDEX($1:$1048576,ROW($3:$3),SUM($BZ33:CD33)+COLUMN($I$1)-1)," ","")&"Title")&"("&INDEX($1:$1048576,ROW(CD32),SUM($BZ33:CD33)+COLUMN($I$1)-1)&")",INDEX($1:$1048576,ROW(CD32),SUM($BZ33:CD33)+COLUMN($I$1)-1)),"") | CE32: =IF(NOT(ISERROR(CE33)),IF(NOT(ISERROR(INDIRECT(SUBSTITUTE(INDEX($1:$1048576,ROW($3:$3),SUM($BZ33:CE33)+COLUMN($I$1)-1)," ","")&"Title"))),INDIRECT(SUBSTITUTE(INDEX($1:$1048576,ROW($3:$3),SUM($BZ33:CE33)+COLUMN($I$1)-1)," ","")&"Title")&"("&INDEX($1:$1048576,ROW(CE32),SUM($BZ33:CE33)+COLUMN($I$1)-1)&")",INDEX($1:$1048576,ROW(CE32),SUM($BZ33:CE33)+COLUMN($I$1)-1)),"") | CF32: =IF(NOT(ISERROR(CF33)),IF(NOT(ISERROR(INDIRECT(SUBSTITUTE(INDEX($1:$1048576,ROW($3:$3),SUM($BZ33:CF33)+COLUMN($I$1)-1)," ","")&"Title"))),INDIRECT(SUBSTITUTE(INDEX($1:$1048576,ROW($3:$3),SUM($BZ33:CF33)+COLUMN($I$1)-1)," ","")&"Title")&"("&INDEX($1:$1048576,ROW(CF32),SUM($BZ33:CF33)+COLUMN($I$1)-1)&")",INDEX($1:$1048576,ROW(CF32),SUM($BZ33:CF33)+COLUMN($I$1)-1)),"") | CG32: =IF(NOT(ISERROR(CG33)),IF(NOT(ISERROR(INDIRECT(SUBSTITUTE(INDEX($1:$1048576,ROW($3:$3),SUM($BZ33:CG33)+COLUMN($I$1)-1)," ","")&"Title"))),INDIRECT(SUBSTITUTE(INDEX($1:$1048576,ROW($3:$3),SUM($BZ33:CG33)+COLUMN($I$1)-1)," ","")&"Title")&"("&INDEX($1:$1048576,ROW(CG32),SUM($BZ33:CG33)+COLUMN($I$1)-1)&")",INDEX($1:$1048576,ROW(CG32),SUM($BZ33:CG33)+COLUMN($I$1)-1)),"") | ... CJ32: =IF(NOT(ISERROR(CJ33)),IF(NOT(ISERROR(INDIRECT(SUBSTITUTE(INDEX($1:$1048576,ROW($3:$3),SUM($BZ33:CJ33)+COLUMN($I$1)-1)," ","")&"Title"))),INDIRECT(SUBSTITUTE(INDEX($1:$1048576,ROW($3:$3),SUM($BZ33:CJ33)+COLUMN($I$1)-1)," ","")&"Title")&"("&INDEX($1:$1048576,ROW(CJ32),SUM($BZ33:CJ33)+COLUMN($I$1)-1)&")",INDEX($1:$1048576,ROW(CJ32),SUM($BZ33:CJ33)+COLUMN($I$1)-1)),"")
J33: =IF(J32>0,IF(AND(INDEX('General Merits'!$F:$F,MATCH($J32,'General Merits'!$F:$F,0),1)>0,VLOOKUP('Merit Data'!J32,'General Merits'!$F:$Z,COLUMN('General Merits'!$N:$N),0)),TRUE,FALSE),#N/A) -> #N/A | K33: =IF(K32>0,IF(AND(INDEX('General Merits'!$F:$F,MATCH($J32,'General Merits'!$F:$F,0),1)>0,VLOOKUP('Merit Data'!K32,'General Merits'!$F:$Z,COLUMN('General Merits'!$N:$N),0)),TRUE,FALSE),#N/A) -> #N/A | L33: =IF(L32>0,IF(AND(INDEX('General Merits'!$F:$F,MATCH($J32,'General Merits'!$F:$F,0),1)>0,VLOOKUP('Merit Data'!L32,'General Merits'!$F:$Z,COLUMN('General Merits'!$N:$N),0)),TRUE,FALSE),#N/A) -> #N/A | N33: =IF(STR>=N32,TRUE) -> #REF! | O33: =IF(AGI>=O32,TRUE) -> #REF! | P33: =IF(CON>=P32,TRUE) -> #REF! | Q33: =IF(INT>=Q32,TRUE) -> #REF! | R33: =IF(WIS>=R32,TRUE) -> #REF! | S33: =IF(FOC>=S32,TRUE) -> #REF! | T33: =IF(CHA>=T32,TRUE) -> #REF! | U33: =IF(INS>=U32,TRUE) -> #REF! | V33: =IF(CNV>=V32,TRUE) -> #REF! | X33: =IF(Archery>=X32,TRUE) -> #REF! | Y33: =IF(Crossbows>=Y32,TRUE) -> #REF! | Z33: =IF(Daggers>=Z32,TRUE) -> #REF! | AA33: =IF(HandtoHandCombat>=AA32,TRUE) -> #REF! | AB33: =IF(HeavyArmor>=AB32,TRUE) -> #REF! | AC33: =IF(ImprovisedWeaponry>=AC32,TRUE) -> #NAME? | AD33: =IF(LightArmor>=AD32,TRUE) -> #REF! | AE33: =IF(Magicka>=AE32,TRUE) -> #REF! | AF33: =IF(OR(Archery>=AF32,Crossbows>=AF32,Daggers>=AF32,HandtoHandCombat>=AF32,ImprovisedWeaponry>=AF32,Axes>=AF32,Maces>=AF32,Swords>=AF32,Polearms>=AF32,Staves>=AF32,Throwing>=AF32,TwoHandedAxes>=AF32,TwoHandedMaces>=AF32,TwoHandedSwords>=AF32),TRUE) -> #REF! | AG33: =IF(Axes>=AG32,TRUE) -> #REF! | AH33: =IF(Maces>=AH32,TRUE) -> #REF! | AI33: =IF(Swords>=AI32,TRUE) -> #REF! | AJ33: =IF(Polearms>=AJ32,TRUE) -> #REF! | AK33: =IF(Shields>=AK32,TRUE) -> #REF! | AL33: =IF(Staves>=AL32,TRUE) -> #REF! | AM33: =IF(Throwing>=AM32,TRUE) -> #REF! | AN33: =IF(TwoHandedAxes>=AN32,TRUE) -> #NAME? | AO33: =IF(TwoHandedMaces>=AO32,TRUE) -> #NAME? | AP33: =IF(TwoHandedSwords>=AP32,TRUE) -> #NAME? | AR33: =IF(Acrobatics>=AR32,TRUE) -> #REF! | AS33: =IF(Appraisal>=AS32,TRUE) -> #REF! | AT33: =IF(Athletics>=AT32,TRUE) -> #REF! | AU33: =IF(Comprehension>=AU32,TRUE) -> #REF! | AV33: =IF(Expression>=AV32,TRUE) -> #REF! | AW33: =IF(Perception>=AW32,TRUE) -> #REF! | AX33: =IF(Security>=AX32,TRUE) -> #REF! | AY33: =IF(Stealth>=AY32,TRUE) -> #REF! | AZ33: =IF(Streetwise>=AZ32,TRUE) -> #REF! | BA33: =IF(Subterfuge>=BA32,TRUE) -> #REF! | BB33: =IF(Survival>=BB32,TRUE) -> #REF! | BD33: =IF(AncientDraconic>=BD32,TRUE) -> #REF! | BE33: =IF(AquaElven>=BE32,TRUE) -> #REF! | BF33: =IF(BasicElven>=BF32,TRUE) -> #REF! | BG33: =IF(Common>=BG32,TRUE) -> #REF! | BH33: =IF(DarkElven>=BH32,TRUE) -> #REF! | BI33: =IF(Davek>=BI32,TRUE) -> #REF! | BJ33: =IF(Draconic>=BJ32,TRUE) -> #REF! | BK33: =IF(Eulian>=BK32,TRUE) -> #REF! | BL33: =IF(Garonian>=BL32,TRUE) -> #REF! | BM33: =IF(Geovek>=BM32,TRUE) -> #REF! | BN33: =IF(Gnomish>=BN32,TRUE) -> #REF! | BO33: =IF(Goblin>=BO32,TRUE) -> #REF! | BP33: =IF(HighElven>=BP32,TRUE) -> #REF! | BQ33: =IF(Kotaba>=BQ32,TRUE) -> #REF! | BR33: =IF(LowerCommon>=BR32,TRUE) -> #REF! | BS33: =IF(OldElven>=BS32,TRUE) -> #REF! | BT33: =IF(Sylvan>=BT32,TRUE) -> #REF! | BU33: =IF(TrueDraconic>=BU32,TRUE) -> #REF! | BV33: =IF(Volken>=BV32,TRUE) -> #REF! | BW33: =IF(WoodElven>=BW32,TRUE) -> #REF! | BZ33: =MATCH(TRUE,INDEX((INDIRECT(CHAR(CODE($I$1)+SUM($BY33:BY33))&$CK33-1&":"&$BW$1&$CK33-1)<>0),0),0) -> 13 | CA33: =MATCH(TRUE,INDEX((INDIRECT(CHAR(CODE($I$1)+SUM($BY33:BZ33))&$CK33-1&":"&$BW$1&$CK33-1)<>0),0),0) -> #N/A | CB33: =MATCH(TRUE,INDEX((INDIRECT(CHAR(CODE($I$1)+SUM($BY33:CA33))&$CK33-1&":"&$BW$1&$CK33-1)<>0),0),0) -> #N/A | CC33: =MATCH(TRUE,INDEX((INDIRECT(CHAR(CODE($I$1)+SUM($BY33:CB33))&$CK33-1&":"&$BW$1&$CK33-1)<>0),0),0) -> #N/A | CD33: =MATCH(TRUE,INDEX((INDIRECT(CHAR(CODE($I$1)+SUM($BY33:CC33))&$CK33-1&":"&$BW$1&$CK33-1)<>0),0),0) -> #N/A | CE33: =MATCH(TRUE,INDEX((INDIRECT(CHAR(CODE($I$1)+SUM($BY33:CD33))&$CK33-1&":"&$BW$1&$CK33-1)<>0),0),0) -> #N/A | CF33: =MATCH(TRUE,INDEX((INDIRECT(CHAR(CODE($I$1)+SUM($BY33:CE33))&$CK33-1&":"&$BW$1&$CK33-1)<>0),0),0) -> #N/A | CG33: =MATCH(TRUE,INDEX((INDIRECT(CHAR(CODE($I$1)+SUM($BY33:CF33))&$CK33-1&":"&$BW$1&$CK33-1)<>0),0),0) -> #N/A | ... CJ33: =MATCH(TRUE,INDEX((INDIRECT(CHAR(CODE($I$1)+SUM($BY33:CI33))&$CK33-1&":"&$BW$1&$CK33-1)<>0),0),0) -> #N/A | CK33: =ROW(CK33) -> 33
A34: Lightning Reactions | B34: =ISERROR(MATCH(FALSE,$J35:$BW35,0)) -> TRUE | C34: =IF(AND(INDEX('General Merits'!$F:$F,MATCH(A34,'General Merits'!$F:$F,0))>0,VLOOKUP(A34,'General Merits'!$F:$Q,10,0)),TRUE,FALSE) -> FALSE | D34: 2 | E34: =D34*100 -> 200 | F34: You do not suffer the penalty to accuracy while you are granting advantage. | O34: 23 | BX34: =IF(BZ34<>"",BZ34,"")&IF(CA34<>"",", "&CA34,"")&IF(CB34<>"",", "&CB34,"")&IF(CC34<>"",", "&CC34,"")&IF(CD34<>"",", "&CD34,"")&IF(CE34<>"",", "&CE34,"")&IF(CF34<>"",", "&CF34,"")&IF(CG34<>"",", "&CG34,"")&IF(CH34<>"",", "&CH34,"")&IF(CI34<>"",", "&CI34,"") -> 23 | BZ34: =IF(NOT(ISERROR(BZ35)),IF(NOT(ISERROR(INDIRECT(SUBSTITUTE(INDEX($1:$1048576,ROW($3:$3),SUM($BZ35:BZ35)+COLUMN($I$1)-1)," ","")&"Title"))),INDIRECT(SUBSTITUTE(INDEX($1:$1048576,ROW($3:$3),SUM($BZ35:BZ35)+COLUMN($I$1)-1)," ","")&"Title")&"("&INDEX($1:$1048576,ROW(BZ34),SUM($BZ35:BZ35)+COLUMN($I$1)-1)&")",INDEX($1:$1048576,ROW(BZ34),SUM($BZ35:BZ35)+COLUMN($I$1)-1)),"") -> 23 | CA34: =IF(NOT(ISERROR(CA35)),IF(NOT(ISERROR(INDIRECT(SUBSTITUTE(INDEX($1:$1048576,ROW($3:$3),SUM($BZ35:CA35)+COLUMN($I$1)-1)," ","")&"Title"))),INDIRECT(SUBSTITUTE(INDEX($1:$1048576,ROW($3:$3),SUM($BZ35:CA35)+COLUMN($I$1)-1)," ","")&"Title")&"("&INDEX($1:$1048576,ROW(CA34),SUM($BZ35:CA35)+COLUMN($I$1)-1)&")",INDEX($1:$1048576,ROW(CA34),SUM($BZ35:CA35)+COLUMN($I$1)-1)),"") | CB34: =IF(NOT(ISERROR(CB35)),IF(NOT(ISERROR(INDIRECT(SUBSTITUTE(INDEX($1:$1048576,ROW($3:$3),SUM($BZ35:CB35)+COLUMN($I$1)-1)," ","")&"Title"))),INDIRECT(SUBSTITUTE(INDEX($1:$1048576,ROW($3:$3),SUM($BZ35:CB35)+COLUMN($I$1)-1)," ","")&"Title")&"("&INDEX($1:$1048576,ROW(CB34),SUM($BZ35:CB35)+COLUMN($I$1)-1)&")",INDEX($1:$1048576,ROW(CB34),SUM($BZ35:CB35)+COLUMN($I$1)-1)),"") | CC34: =IF(NOT(ISERROR(CC35)),IF(NOT(ISERROR(INDIRECT(SUBSTITUTE(INDEX($1:$1048576,ROW($3:$3),SUM($BZ35:CC35)+COLUMN($I$1)-1)," ","")&"Title"))),INDIRECT(SUBSTITUTE(INDEX($1:$1048576,ROW($3:$3),SUM($BZ35:CC35)+COLUMN($I$1)-1)," ","")&"Title")&"("&INDEX($1:$1048576,ROW(CC34),SUM($BZ35:CC35)+COLUMN($I$1)-1)&")",INDEX($1:$1048576,ROW(CC34),SUM($BZ35:CC35)+COLUMN($I$1)-1)),"") | CD34: =IF(NOT(ISERROR(CD35)),IF(NOT(ISERROR(INDIRECT(SUBSTITUTE(INDEX($1:$1048576,ROW($3:$3),SUM($BZ35:CD35)+COLUMN($I$1)-1)," ","")&"Title"))),INDIRECT(SUBSTITUTE(INDEX($1:$1048576,ROW($3:$3),SUM($BZ35:CD35)+COLUMN($I$1)-1)," ","")&"Title")&"("&INDEX($1:$1048576,ROW(CD34),SUM($BZ35:CD35)+COLUMN($I$1)-1)&")",INDEX($1:$1048576,ROW(CD34),SUM($BZ35:CD35)+COLUMN($I$1)-1)),"") | CE34: =IF(NOT(ISERROR(CE35)),IF(NOT(ISERROR(INDIRECT(SUBSTITUTE(INDEX($1:$1048576,ROW($3:$3),SUM($BZ35:CE35)+COLUMN($I$1)-1)," ","")&"Title"))),INDIRECT(SUBSTITUTE(INDEX($1:$1048576,ROW($3:$3),SUM($BZ35:CE35)+COLUMN($I$1)-1)," ","")&"Title")&"("&INDEX($1:$1048576,ROW(CE34),SUM($BZ35:CE35)+COLUMN($I$1)-1)&")",INDEX($1:$1048576,ROW(CE34),SUM($BZ35:CE35)+COLUMN($I$1)-1)),"") | CF34: =IF(NOT(ISERROR(CF35)),IF(NOT(ISERROR(INDIRECT(SUBSTITUTE(INDEX($1:$1048576,ROW($3:$3),SUM($BZ35:CF35)+COLUMN($I$1)-1)," ","")&"Title"))),INDIRECT(SUBSTITUTE(INDEX($1:$1048576,ROW($3:$3),SUM($BZ35:CF35)+COLUMN($I$1)-1)," ","")&"Title")&"("&INDEX($1:$1048576,ROW(CF34),SUM($BZ35:CF35)+COLUMN($I$1)-1)&")",INDEX($1:$1048576,ROW(CF34),SUM($BZ35:CF35)+COLUMN($I$1)-1)),"") | CG34: =IF(NOT(ISERROR(CG35)),IF(NOT(ISERROR(INDIRECT(SUBSTITUTE(INDEX($1:$1048576,ROW($3:$3),SUM($BZ35:CG35)+COLUMN($I$1)-1)," ","")&"Title"))),INDIRECT(SUBSTITUTE(INDEX($1:$1048576,ROW($3:$3),SUM($BZ35:CG35)+COLUMN($I$1)-1)," ","")&"Title")&"("&INDEX($1:$1048576,ROW(CG34),SUM($BZ35:CG35)+COLUMN($I$1)-1)&")",INDEX($1:$1048576,ROW(CG34),SUM($BZ35:CG35)+COLUMN($I$1)-1)),"") | ... CJ34: =IF(NOT(ISERROR(CJ35)),IF(NOT(ISERROR(INDIRECT(SUBSTITUTE(INDEX($1:$1048576,ROW($3:$3),SUM($BZ35:CJ35)+COLUMN($I$1)-1)," ","")&"Title"))),INDIRECT(SUBSTITUTE(INDEX($1:$1048576,ROW($3:$3),SUM($BZ35:CJ35)+COLUMN($I$1)-1)," ","")&"Title")&"("&INDEX($1:$1048576,ROW(CJ34),SUM($BZ35:CJ35)+COLUMN($I$1)-1)&")",INDEX($1:$1048576,ROW(CJ34),SUM($BZ35:CJ35)+COLUMN($I$1)-1)),"")
J35: =IF(J34>0,IF(AND(INDEX('General Merits'!$F:$F,MATCH($J34,'General Merits'!$F:$F,0),1)>0,VLOOKUP('Merit Data'!J34,'General Merits'!$F:$Z,COLUMN('General Merits'!$N:$N),0)),TRUE,FALSE),#N/A) -> #N/A | K35: =IF(K34>0,IF(AND(INDEX('General Merits'!$F:$F,MATCH($J34,'General Merits'!$F:$F,0),1)>0,VLOOKUP('Merit Data'!K34,'General Merits'!$F:$Z,COLUMN('General Merits'!$N:$N),0)),TRUE,FALSE),#N/A) -> #N/A | L35: =IF(L34>0,IF(AND(INDEX('General Merits'!$F:$F,MATCH($J34,'General Merits'!$F:$F,0),1)>0,VLOOKUP('Merit Data'!L34,'General Merits'!$F:$Z,COLUMN('General Merits'!$N:$N),0)),TRUE,FALSE),#N/A) -> #N/A | N35: =IF(STR>=N34,TRUE) -> #REF! | O35: =IF(AGI>=O34,TRUE) -> #REF! | P35: =IF(CON>=P34,TRUE) -> #REF! | Q35: =IF(INT>=Q34,TRUE) -> #REF! | R35: =IF(WIS>=R34,TRUE) -> #REF! | S35: =IF(FOC>=S34,TRUE) -> #REF! | T35: =IF(CHA>=T34,TRUE) -> #REF! | U35: =IF(INS>=U34,TRUE) -> #REF! | V35: =IF(CNV>=V34,TRUE) -> #REF! | X35: =IF(Archery>=X34,TRUE) -> #REF! | Y35: =IF(Crossbows>=Y34,TRUE) -> #REF! | Z35: =IF(Daggers>=Z34,TRUE) -> #REF! | AA35: =IF(HandtoHandCombat>=AA34,TRUE) -> #REF! | AB35: =IF(HeavyArmor>=AB34,TRUE) -> #REF! | AC35: =IF(ImprovisedWeaponry>=AC34,TRUE) -> #NAME? | AD35: =IF(LightArmor>=AD34,TRUE) -> #REF! | AE35: =IF(Magicka>=AE34,TRUE) -> #REF! | AF35: =IF(OR(Archery>=AF34,Crossbows>=AF34,Daggers>=AF34,HandtoHandCombat>=AF34,ImprovisedWeaponry>=AF34,Axes>=AF34,Maces>=AF34,Swords>=AF34,Polearms>=AF34,Staves>=AF34,Throwing>=AF34,TwoHandedAxes>=AF34,TwoHandedMaces>=AF34,TwoHandedSwords>=AF34),TRUE) -> #REF! | AG35: =IF(Axes>=AG34,TRUE) -> #REF! | AH35: =IF(Maces>=AH34,TRUE) -> #REF! | AI35: =IF(Swords>=AI34,TRUE) -> #REF! | AJ35: =IF(Polearms>=AJ34,TRUE) -> #REF! | AK35: =IF(Shields>=AK34,TRUE) -> #REF! | AL35: =IF(Staves>=AL34,TRUE) -> #REF! | AM35: =IF(Throwing>=AM34,TRUE) -> #REF! | AN35: =IF(TwoHandedAxes>=AN34,TRUE) -> #NAME? | AO35: =IF(TwoHandedMaces>=AO34,TRUE) -> #NAME? | AP35: =IF(TwoHandedSwords>=AP34,TRUE) -> #NAME? | AR35: =IF(Acrobatics>=AR34,TRUE) -> #REF! | AS35: =IF(Appraisal>=AS34,TRUE) -> #REF! | AT35: =IF(Athletics>=AT34,TRUE) -> #REF! | AU35: =IF(Comprehension>=AU34,TRUE) -> #REF! | AV35: =IF(Expression>=AV34,TRUE) -> #REF! | AW35: =IF(Perception>=AW34,TRUE) -> #REF! | AX35: =IF(Security>=AX34,TRUE) -> #REF! | AY35: =IF(Stealth>=AY34,TRUE) -> #REF! | AZ35: =IF(Streetwise>=AZ34,TRUE) -> #REF! | BA35: =IF(Subterfuge>=BA34,TRUE) -> #REF! | BB35: =IF(Survival>=BB34,TRUE) -> #REF! | BD35: =IF(AncientDraconic>=BD34,TRUE) -> #REF! | BE35: =IF(AquaElven>=BE34,TRUE) -> #REF! | BF35: =IF(BasicElven>=BF34,TRUE) -> #REF! | BG35: =IF(Common>=BG34,TRUE) -> #REF! | BH35: =IF(DarkElven>=BH34,TRUE) -> #REF! | BI35: =IF(Davek>=BI34,TRUE) -> #REF! | BJ35: =IF(Draconic>=BJ34,TRUE) -> #REF! | BK35: =IF(Eulian>=BK34,TRUE) -> #REF! | BL35: =IF(Garonian>=BL34,TRUE) -> #REF! | BM35: =IF(Geovek>=BM34,TRUE) -> #REF! | BN35: =IF(Gnomish>=BN34,TRUE) -> #REF! | BO35: =IF(Goblin>=BO34,TRUE) -> #REF! | BP35: =IF(HighElven>=BP34,TRUE) -> #REF! | BQ35: =IF(Kotaba>=BQ34,TRUE) -> #REF! | BR35: =IF(LowerCommon>=BR34,TRUE) -> #REF! | BS35: =IF(OldElven>=BS34,TRUE) -> #REF! | BT35: =IF(Sylvan>=BT34,TRUE) -> #REF! | BU35: =IF(TrueDraconic>=BU34,TRUE) -> #REF! | BV35: =IF(Volken>=BV34,TRUE) -> #REF! | BW35: =IF(WoodElven>=BW34,TRUE) -> #REF! | BZ35: =MATCH(TRUE,INDEX((INDIRECT(CHAR(CODE($I$1)+SUM($BY35:BY35))&$CK35-1&":"&$BW$1&$CK35-1)<>0),0),0) -> 7 | CA35: =MATCH(TRUE,INDEX((INDIRECT(CHAR(CODE($I$1)+SUM($BY35:BZ35))&$CK35-1&":"&$BW$1&$CK35-1)<>0),0),0) -> #N/A | CB35: =MATCH(TRUE,INDEX((INDIRECT(CHAR(CODE($I$1)+SUM($BY35:CA35))&$CK35-1&":"&$BW$1&$CK35-1)<>0),0),0) -> #N/A | CC35: =MATCH(TRUE,INDEX((INDIRECT(CHAR(CODE($I$1)+SUM($BY35:CB35))&$CK35-1&":"&$BW$1&$CK35-1)<>0),0),0) -> #N/A | CD35: =MATCH(TRUE,INDEX((INDIRECT(CHAR(CODE($I$1)+SUM($BY35:CC35))&$CK35-1&":"&$BW$1&$CK35-1)<>0),0),0) -> #N/A | CE35: =MATCH(TRUE,INDEX((INDIRECT(CHAR(CODE($I$1)+SUM($BY35:CD35))&$CK35-1&":"&$BW$1&$CK35-1)<>0),0),0) -> #N/A | CF35: =MATCH(TRUE,INDEX((INDIRECT(CHAR(CODE($I$1)+SUM($BY35:CE35))&$CK35-1&":"&$BW$1&$CK35-1)<>0),0),0) -> #N/A | CG35: =MATCH(TRUE,INDEX((INDIRECT(CHAR(CODE($I$1)+SUM($BY35:CF35))&$CK35-1&":"&$BW$1&$CK35-1)<>0),0),0) -> #N/A | ... CJ35: =MATCH(TRUE,INDEX((INDIRECT(CHAR(CODE($I$1)+SUM($BY35:CI35))&$CK35-1&":"&$BW$1&$CK35-1)<>0),0),0) -> #N/A | CK35: =ROW(CK35) -> 35
A36: Mind and Body | B36: =ISERROR(MATCH(FALSE,$J37:$BW37,0)) -> FALSE | C36: =IF(AND(INDEX('General Merits'!$F:$F,MATCH(A36,'General Merits'!$F:$F,0))>0,VLOOKUP(A36,'General Merits'!$F:$Q,10,0)),TRUE,FALSE) -> FALSE | D36: 3 | E36: =D36*100 -> 300 | F36: You may add your focus modifier to your avoidance. | J36: Evasion | K36: Uncanny Dodge | L36: Lightning Reactions | BX36: =IF(BZ36<>"",BZ36,"")&IF(CA36<>"",", "&CA36,"")&IF(CB36<>"",", "&CB36,"")&IF(CC36<>"",", "&CC36,"")&IF(CD36<>"",", "&CD36,"")&IF(CE36<>"",", "&CE36,"")&IF(CF36<>"",", "&CF36,"")&IF(CG36<>"",", "&CG36,"")&IF(CH36<>"",", "&CH36,"")&IF(CI36<>"",", "&CI36,"") -> Evasion, Uncanny Dodge, Lightning Reactions | BZ36: =IF(NOT(ISERROR(BZ37)),IF(NOT(ISERROR(INDIRECT(SUBSTITUTE(INDEX($1:$1048576,ROW($3:$3),SUM($BZ37:BZ37)+COLUMN($I$1)-1)," ","")&"Title"))),INDIRECT(SUBSTITUTE(INDEX($1:$1048576,ROW($3:$3),SUM($BZ37:BZ37)+COLUMN($I$1)-1)," ","")&"Title")&"("&INDEX($1:$1048576,ROW(BZ36),SUM($BZ37:BZ37)+COLUMN($I$1)-1)&")",INDEX($1:$1048576,ROW(BZ36),SUM($BZ37:BZ37)+COLUMN($I$1)-1)),"") -> Evasion | CA36: =IF(NOT(ISERROR(CA37)),IF(NOT(ISERROR(INDIRECT(SUBSTITUTE(INDEX($1:$1048576,ROW($3:$3),SUM($BZ37:CA37)+COLUMN($I$1)-1)," ","")&"Title"))),INDIRECT(SUBSTITUTE(INDEX($1:$1048576,ROW($3:$3),SUM($BZ37:CA37)+COLUMN($I$1)-1)," ","")&"Title")&"("&INDEX($1:$1048576,ROW(CA36),SUM($BZ37:CA37)+COLUMN($I$1)-1)&")",INDEX($1:$1048576,ROW(CA36),SUM($BZ37:CA37)+COLUMN($I$1)-1)),"") -> Uncanny Dodge | CB36: =IF(NOT(ISERROR(CB37)),IF(NOT(ISERROR(INDIRECT(SUBSTITUTE(INDEX($1:$1048576,ROW($3:$3),SUM($BZ37:CB37)+COLUMN($I$1)-1)," ","")&"Title"))),INDIRECT(SUBSTITUTE(INDEX($1:$1048576,ROW($3:$3),SUM($BZ37:CB37)+COLUMN($I$1)-1)," ","")&"Title")&"("&INDEX($1:$1048576,ROW(CB36),SUM($BZ37:CB37)+COLUMN($I$1)-1)&")",INDEX($1:$1048576,ROW(CB36),SUM($BZ37:CB37)+COLUMN($I$1)-1)),"") -> Lightning Reactions | CC36: =IF(NOT(ISERROR(CC37)),IF(NOT(ISERROR(INDIRECT(SUBSTITUTE(INDEX($1:$1048576,ROW($3:$3),SUM($BZ37:CC37)+COLUMN($I$1)-1)," ","")&"Title"))),INDIRECT(SUBSTITUTE(INDEX($1:$1048576,ROW($3:$3),SUM($BZ37:CC37)+COLUMN($I$1)-1)," ","")&"Title")&"("&INDEX($1:$1048576,ROW(CC36),SUM($BZ37:CC37)+COLUMN($I$1)-1)&")",INDEX($1:$1048576,ROW(CC36),SUM($BZ37:CC37)+COLUMN($I$1)-1)),"") | CD36: =IF(NOT(ISERROR(CD37)),IF(NOT(ISERROR(INDIRECT(SUBSTITUTE(INDEX($1:$1048576,ROW($3:$3),SUM($BZ37:CD37)+COLUMN($I$1)-1)," ","")&"Title"))),INDIRECT(SUBSTITUTE(INDEX($1:$1048576,ROW($3:$3),SUM($BZ37:CD37)+COLUMN($I$1)-1)," ","")&"Title")&"("&INDEX($1:$1048576,ROW(CD36),SUM($BZ37:CD37)+COLUMN($I$1)-1)&")",INDEX($1:$1048576,ROW(CD36),SUM($BZ37:CD37)+COLUMN($I$1)-1)),"") | CE36: =IF(NOT(ISERROR(CE37)),IF(NOT(ISERROR(INDIRECT(SUBSTITUTE(INDEX($1:$1048576,ROW($3:$3),SUM($BZ37:CE37)+COLUMN($I$1)-1)," ","")&"Title"))),INDIRECT(SUBSTITUTE(INDEX($1:$1048576,ROW($3:$3),SUM($BZ37:CE37)+COLUMN($I$1)-1)," ","")&"Title")&"("&INDEX($1:$1048576,ROW(CE36),SUM($BZ37:CE37)+COLUMN($I$1)-1)&")",INDEX($1:$1048576,ROW(CE36),SUM($BZ37:CE37)+COLUMN($I$1)-1)),"") | CF36: =IF(NOT(ISERROR(CF37)),IF(NOT(ISERROR(INDIRECT(SUBSTITUTE(INDEX($1:$1048576,ROW($3:$3),SUM($BZ37:CF37)+COLUMN($I$1)-1)," ","")&"Title"))),INDIRECT(SUBSTITUTE(INDEX($1:$1048576,ROW($3:$3),SUM($BZ37:CF37)+COLUMN($I$1)-1)," ","")&"Title")&"("&INDEX($1:$1048576,ROW(CF36),SUM($BZ37:CF37)+COLUMN($I$1)-1)&")",INDEX($1:$1048576,ROW(CF36),SUM($BZ37:CF37)+COLUMN($I$1)-1)),"") | CG36: =IF(NOT(ISERROR(CG37)),IF(NOT(ISERROR(INDIRECT(SUBSTITUTE(INDEX($1:$1048576,ROW($3:$3),SUM($BZ37:CG37)+COLUMN($I$1)-1)," ","")&"Title"))),INDIRECT(SUBSTITUTE(INDEX($1:$1048576,ROW($3:$3),SUM($BZ37:CG37)+COLUMN($I$1)-1)," ","")&"Title")&"("&INDEX($1:$1048576,ROW(CG36),SUM($BZ37:CG37)+COLUMN($I$1)-1)&")",INDEX($1:$1048576,ROW(CG36),SUM($BZ37:CG37)+COLUMN($I$1)-1)),"") | ... CJ36: =IF(NOT(ISERROR(CJ37)),IF(NOT(ISERROR(INDIRECT(SUBSTITUTE(INDEX($1:$1048576,ROW($3:$3),SUM($BZ37:CJ37)+COLUMN($I$1)-1)," ","")&"Title"))),INDIRECT(SUBSTITUTE(INDEX($1:$1048576,ROW($3:$3),SUM($BZ37:CJ37)+COLUMN($I$1)-1)," ","")&"Title")&"("&INDEX($1:$1048576,ROW(CJ36),SUM($BZ37:CJ37)+COLUMN($I$1)-1)&")",INDEX($1:$1048576,ROW(CJ36),SUM($BZ37:CJ37)+COLUMN($I$1)-1)),"")
J37: =IF(J36>0,IF(AND(INDEX('General Merits'!$F:$F,MATCH($J36,'General Merits'!$F:$F,0),1)>0,VLOOKUP('Merit Data'!J36,'General Merits'!$F:$Z,COLUMN('General Merits'!$N:$N),0)),TRUE,FALSE),#N/A) -> FALSE | K37: =IF(K36>0,IF(AND(INDEX('General Merits'!$F:$F,MATCH($J36,'General Merits'!$F:$F,0),1)>0,VLOOKUP('Merit Data'!K36,'General Merits'!$F:$Z,COLUMN('General Merits'!$N:$N),0)),TRUE,FALSE),#N/A) -> FALSE | L37: =IF(L36>0,IF(AND(INDEX('General Merits'!$F:$F,MATCH($J36,'General Merits'!$F:$F,0),1)>0,VLOOKUP('Merit Data'!L36,'General Merits'!$F:$Z,COLUMN('General Merits'!$N:$N),0)),TRUE,FALSE),#N/A) -> FALSE | N37: =IF(STR>=N36,TRUE) -> #REF! | O37: =IF(AGI>=O36,TRUE) -> #REF! | P37: =IF(CON>=P36,TRUE) -> #REF! | Q37: =IF(INT>=Q36,TRUE) -> #REF! | R37: =IF(WIS>=R36,TRUE) -> #REF! | S37: =IF(FOC>=S36,TRUE) -> #REF! | T37: =IF(CHA>=T36,TRUE) -> #REF! | U37: =IF(INS>=U36,TRUE) -> #REF! | V37: =IF(CNV>=V36,TRUE) -> #REF! | X37: =IF(Archery>=X36,TRUE) -> #REF! | Y37: =IF(Crossbows>=Y36,TRUE) -> #REF! | Z37: =IF(Daggers>=Z36,TRUE) -> #REF! | AA37: =IF(HandtoHandCombat>=AA36,TRUE) -> #REF! | AB37: =IF(HeavyArmor>=AB36,TRUE) -> #REF! | AC37: =IF(ImprovisedWeaponry>=AC36,TRUE) -> #NAME? | AD37: =IF(LightArmor>=AD36,TRUE) -> #REF! | AE37: =IF(Magicka>=AE36,TRUE) -> #REF! | AF37: =IF(OR(Archery>=AF36,Crossbows>=AF36,Daggers>=AF36,HandtoHandCombat>=AF36,ImprovisedWeaponry>=AF36,Axes>=AF36,Maces>=AF36,Swords>=AF36,Polearms>=AF36,Staves>=AF36,Throwing>=AF36,TwoHandedAxes>=AF36,TwoHandedMaces>=AF36,TwoHandedSwords>=AF36),TRUE) -> #REF! | AG37: =IF(Axes>=AG36,TRUE) -> #REF! | AH37: =IF(Maces>=AH36,TRUE) -> #REF! | AI37: =IF(Swords>=AI36,TRUE) -> #REF! | AJ37: =IF(Polearms>=AJ36,TRUE) -> #REF! | AK37: =IF(Shields>=AK36,TRUE) -> #REF! | AL37: =IF(Staves>=AL36,TRUE) -> #REF! | AM37: =IF(Throwing>=AM36,TRUE) -> #REF! | AN37: =IF(TwoHandedAxes>=AN36,TRUE) -> #NAME? | AO37: =IF(TwoHandedMaces>=AO36,TRUE) -> #NAME? | AP37: =IF(TwoHandedSwords>=AP36,TRUE) -> #NAME? | AR37: =IF(Acrobatics>=AR36,TRUE) -> #REF! | AS37: =IF(Appraisal>=AS36,TRUE) -> #REF! | AT37: =IF(Athletics>=AT36,TRUE) -> #REF! | AU37: =IF(Comprehension>=AU36,TRUE) -> #REF! | AV37: =IF(Expression>=AV36,TRUE) -> #REF! | AW37: =IF(Perception>=AW36,TRUE) -> #REF! | AX37: =IF(Security>=AX36,TRUE) -> #REF! | AY37: =IF(Stealth>=AY36,TRUE) -> #REF! | AZ37: =IF(Streetwise>=AZ36,TRUE) -> #REF! | BA37: =IF(Subterfuge>=BA36,TRUE) -> #REF! | BB37: =IF(Survival>=BB36,TRUE) -> #REF! | BD37: =IF(AncientDraconic>=BD36,TRUE) -> #REF! | BE37: =IF(AquaElven>=BE36,TRUE) -> #REF! | BF37: =IF(BasicElven>=BF36,TRUE) -> #REF! | BG37: =IF(Common>=BG36,TRUE) -> #REF! | BH37: =IF(DarkElven>=BH36,TRUE) -> #REF! | BI37: =IF(Davek>=BI36,TRUE) -> #REF! | BJ37: =IF(Draconic>=BJ36,TRUE) -> #REF! | BK37: =IF(Eulian>=BK36,TRUE) -> #REF! | BL37: =IF(Garonian>=BL36,TRUE) -> #REF! | BM37: =IF(Geovek>=BM36,TRUE) -> #REF! | BN37: =IF(Gnomish>=BN36,TRUE) -> #REF! | BO37: =IF(Goblin>=BO36,TRUE) -> #REF! | BP37: =IF(HighElven>=BP36,TRUE) -> #REF! | BQ37: =IF(Kotaba>=BQ36,TRUE) -> #REF! | BR37: =IF(LowerCommon>=BR36,TRUE) -> #REF! | BS37: =IF(OldElven>=BS36,TRUE) -> #REF! | BT37: =IF(Sylvan>=BT36,TRUE) -> #REF! | BU37: =IF(TrueDraconic>=BU36,TRUE) -> #REF! | BV37: =IF(Volken>=BV36,TRUE) -> #REF! | BW37: =IF(WoodElven>=BW36,TRUE) -> #REF! | BZ37: =MATCH(TRUE,INDEX((INDIRECT(CHAR(CODE($I$1)+SUM($BY37:BY37))&$CK37-1&":"&$BW$1&$CK37-1)<>0),0),0) -> 2 | CA37: =MATCH(TRUE,INDEX((INDIRECT(CHAR(CODE($I$1)+SUM($BY37:BZ37))&$CK37-1&":"&$BW$1&$CK37-1)<>0),0),0) -> 1 | CB37: =MATCH(TRUE,INDEX((INDIRECT(CHAR(CODE($I$1)+SUM($BY37:CA37))&$CK37-1&":"&$BW$1&$CK37-1)<>0),0),0) -> 1 | CC37: =MATCH(TRUE,INDEX((INDIRECT(CHAR(CODE($I$1)+SUM($BY37:CB37))&$CK37-1&":"&$BW$1&$CK37-1)<>0),0),0) -> #N/A | CD37: =MATCH(TRUE,INDEX((INDIRECT(CHAR(CODE($I$1)+SUM($BY37:CC37))&$CK37-1&":"&$BW$1&$CK37-1)<>0),0),0) -> #N/A | CE37: =MATCH(TRUE,INDEX((INDIRECT(CHAR(CODE($I$1)+SUM($BY37:CD37))&$CK37-1&":"&$BW$1&$CK37-1)<>0),0),0) -> #N/A | CF37: =MATCH(TRUE,INDEX((INDIRECT(CHAR(CODE($I$1)+SUM($BY37:CE37))&$CK37-1&":"&$BW$1&$CK37-1)<>0),0),0) -> #N/A | CG37: =MATCH(TRUE,INDEX((INDIRECT(CHAR(CODE($I$1)+SUM($BY37:CF37))&$CK37-1&":"&$BW$1&$CK37-1)<>0),0),0) -> #N/A | ... CJ37: =MATCH(TRUE,INDEX((INDIRECT(CHAR(CODE($I$1)+SUM($BY37:CI37))&$CK37-1&":"&$BW$1&$CK37-1)<>0),0),0) -> #N/A | CK37: =ROW(CK37) -> 37
A38: Parry | B38: =ISERROR(MATCH(FALSE,$J39:$BW39,0)) -> TRUE | C38: =IF(AND(INDEX('General Merits'!$F:$F,MATCH(A38,'General Merits'!$F:$F,0))>0,VLOOKUP(A38,'General Merits'!$F:$Q,10,0)),TRUE,FALSE) -> FALSE | D38: 2 | E38: =D38*100 -> 200 | F38: While wielding a melee weapon and not wielding a shield, you gain a shield rating equal to one-half your expertise. When a melee attack hits within your shield range, make a basic attack. If you attack roll exceeds your opponents attack roll your weapon takes the damage of the attack rather than you. Otherwise it is considered a full hit. | Q38: 18 | AF38: 18 | BX38: =IF(BZ38<>"",BZ38,"")&IF(CA38<>"",", "&CA38,"")&IF(CB38<>"",", "&CB38,"")&IF(CC38<>"",", "&CC38,"")&IF(CD38<>"",", "&CD38,"")&IF(CE38<>"",", "&CE38,"")&IF(CF38<>"",", "&CF38,"")&IF(CG38<>"",", "&CG38,"")&IF(CH38<>"",", "&CH38,"")&IF(CI38<>"",", "&CI38,"") -> 18, 18, 0, 0, 0, 0, 0, 0, 0, 0 | BZ38: =IF(NOT(ISERROR(BZ39)),IF(NOT(ISERROR(INDIRECT(SUBSTITUTE(INDEX($1:$1048576,ROW($3:$3),SUM($BZ39:BZ39)+COLUMN($I$1)-1)," ","")&"Title"))),INDIRECT(SUBSTITUTE(INDEX($1:$1048576,ROW($3:$3),SUM($BZ39:BZ39)+COLUMN($I$1)-1)," ","")&"Title")&"("&INDEX($1:$1048576,ROW(BZ38),SUM($BZ39:BZ39)+COLUMN($I$1)-1)&")",INDEX($1:$1048576,ROW(BZ38),SUM($BZ39:BZ39)+COLUMN($I$1)-1)),"") -> 18 | CA38: =IF(NOT(ISERROR(CA39)),IF(NOT(ISERROR(INDIRECT(SUBSTITUTE(INDEX($1:$1048576,ROW($3:$3),SUM($BZ39:CA39)+COLUMN($I$1)-1)," ","")&"Title"))),INDIRECT(SUBSTITUTE(INDEX($1:$1048576,ROW($3:$3),SUM($BZ39:CA39)+COLUMN($I$1)-1)," ","")&"Title")&"("&INDEX($1:$1048576,ROW(CA38),SUM($BZ39:CA39)+COLUMN($I$1)-1)&")",INDEX($1:$1048576,ROW(CA38),SUM($BZ39:CA39)+COLUMN($I$1)-1)),"") -> 18 | CB38: =IF(NOT(ISERROR(CB39)),IF(NOT(ISERROR(INDIRECT(SUBSTITUTE(INDEX($1:$1048576,ROW($3:$3),SUM($BZ39:CB39)+COLUMN($I$1)-1)," ","")&"Title"))),INDIRECT(SUBSTITUTE(INDEX($1:$1048576,ROW($3:$3),SUM($BZ39:CB39)+COLUMN($I$1)-1)," ","")&"Title")&"("&INDEX($1:$1048576,ROW(CB38),SUM($BZ39:CB39)+COLUMN($I$1)-1)&")",INDEX($1:$1048576,ROW(CB38),SUM($BZ39:CB39)+COLUMN($I$1)-1)),"") -> 0 | CC38: =IF(NOT(ISERROR(CC39)),IF(NOT(ISERROR(INDIRECT(SUBSTITUTE(INDEX($1:$1048576,ROW($3:$3),SUM($BZ39:CC39)+COLUMN($I$1)-1)," ","")&"Title"))),INDIRECT(SUBSTITUTE(INDEX($1:$1048576,ROW($3:$3),SUM($BZ39:CC39)+COLUMN($I$1)-1)," ","")&"Title")&"("&INDEX($1:$1048576,ROW(CC38),SUM($BZ39:CC39)+COLUMN($I$1)-1)&")",INDEX($1:$1048576,ROW(CC38),SUM($BZ39:CC39)+COLUMN($I$1)-1)),"") -> 0 | CD38: =IF(NOT(ISERROR(CD39)),IF(NOT(ISERROR(INDIRECT(SUBSTITUTE(INDEX($1:$1048576,ROW($3:$3),SUM($BZ39:CD39)+COLUMN($I$1)-1)," ","")&"Title"))),INDIRECT(SUBSTITUTE(INDEX($1:$1048576,ROW($3:$3),SUM($BZ39:CD39)+COLUMN($I$1)-1)," ","")&"Title")&"("&INDEX($1:$1048576,ROW(CD38),SUM($BZ39:CD39)+COLUMN($I$1)-1)&")",INDEX($1:$1048576,ROW(CD38),SUM($BZ39:CD39)+COLUMN($I$1)-1)),"") -> 0 | CE38: =IF(NOT(ISERROR(CE39)),IF(NOT(ISERROR(INDIRECT(SUBSTITUTE(INDEX($1:$1048576,ROW($3:$3),SUM($BZ39:CE39)+COLUMN($I$1)-1)," ","")&"Title"))),INDIRECT(SUBSTITUTE(INDEX($1:$1048576,ROW($3:$3),SUM($BZ39:CE39)+COLUMN($I$1)-1)," ","")&"Title")&"("&INDEX($1:$1048576,ROW(CE38),SUM($BZ39:CE39)+COLUMN($I$1)-1)&")",INDEX($1:$1048576,ROW(CE38),SUM($BZ39:CE39)+COLUMN($I$1)-1)),"") -> 0 | CF38: =IF(NOT(ISERROR(CF39)),IF(NOT(ISERROR(INDIRECT(SUBSTITUTE(INDEX($1:$1048576,ROW($3:$3),SUM($BZ39:CF39)+COLUMN($I$1)-1)," ","")&"Title"))),INDIRECT(SUBSTITUTE(INDEX($1:$1048576,ROW($3:$3),SUM($BZ39:CF39)+COLUMN($I$1)-1)," ","")&"Title")&"("&INDEX($1:$1048576,ROW(CF38),SUM($BZ39:CF39)+COLUMN($I$1)-1)&")",INDEX($1:$1048576,ROW(CF38),SUM($BZ39:CF39)+COLUMN($I$1)-1)),"") -> 0 | CG38: =IF(NOT(ISERROR(CG39)),IF(NOT(ISERROR(INDIRECT(SUBSTITUTE(INDEX($1:$1048576,ROW($3:$3),SUM($BZ39:CG39)+COLUMN($I$1)-1)," ","")&"Title"))),INDIRECT(SUBSTITUTE(INDEX($1:$1048576,ROW($3:$3),SUM($BZ39:CG39)+COLUMN($I$1)-1)," ","")&"Title")&"("&INDEX($1:$1048576,ROW(CG38),SUM($BZ39:CG39)+COLUMN($I$1)-1)&")",INDEX($1:$1048576,ROW(CG38),SUM($BZ39:CG39)+COLUMN($I$1)-1)),"") -> 0 | ... CJ38: =IF(NOT(ISERROR(CJ39)),IF(NOT(ISERROR(INDIRECT(SUBSTITUTE(INDEX($1:$1048576,ROW($3:$3),SUM($BZ39:CJ39)+COLUMN($I$1)-1)," ","")&"Title"))),INDIRECT(SUBSTITUTE(INDEX($1:$1048576,ROW($3:$3),SUM($BZ39:CJ39)+COLUMN($I$1)-1)," ","")&"Title")&"("&INDEX($1:$1048576,ROW(CJ38),SUM($BZ39:CJ39)+COLUMN($I$1)-1)&")",INDEX($1:$1048576,ROW(CJ38),SUM($BZ39:CJ39)+COLUMN($I$1)-1)),"")
J39: =IF(J38>0,IF(AND(INDEX('General Merits'!$F:$F,MATCH($J38,'General Merits'!$F:$F,0),1)>0,VLOOKUP('Merit Data'!J38,'General Merits'!$F:$Z,COLUMN('General Merits'!$N:$N),0)),TRUE,FALSE),#N/A) -> #N/A | K39: =IF(K38>0,IF(AND(INDEX('General Merits'!$F:$F,MATCH($J38,'General Merits'!$F:$F,0),1)>0,VLOOKUP('Merit Data'!K38,'General Merits'!$F:$Z,COLUMN('General Merits'!$N:$N),0)),TRUE,FALSE),#N/A) -> #N/A | L39: =IF(L38>0,IF(AND(INDEX('General Merits'!$F:$F,MATCH($J38,'General Merits'!$F:$F,0),1)>0,VLOOKUP('Merit Data'!L38,'General Merits'!$F:$Z,COLUMN('General Merits'!$N:$N),0)),TRUE,FALSE),#N/A) -> #N/A | N39: =IF(STR>=N38,TRUE) -> #REF! | O39: =IF(AGI>=O38,TRUE) -> #REF! | P39: =IF(CON>=P38,TRUE) -> #REF! | Q39: =IF(INT>=Q38,TRUE) -> #REF! | R39: =IF(WIS>=R38,TRUE) -> #REF! | S39: =IF(FOC>=S38,TRUE) -> #REF! | T39: =IF(CHA>=T38,TRUE) -> #REF! | U39: =IF(INS>=U38,TRUE) -> #REF! | V39: =IF(CNV>=V38,TRUE) -> #REF! | X39: =IF(Archery>=X38,TRUE) -> #REF! | Y39: =IF(Crossbows>=Y38,TRUE) -> #REF! | Z39: =IF(Daggers>=Z38,TRUE) -> #REF! | AA39: =IF(HandtoHandCombat>=AA38,TRUE) -> #REF! | AB39: =IF(HeavyArmor>=AB38,TRUE) -> #REF! | AC39: =IF(ImprovisedWeaponry>=AC38,TRUE) -> #NAME? | AD39: =IF(LightArmor>=AD38,TRUE) -> #REF! | AE39: =IF(Magicka>=AE38,TRUE) -> #REF! | AF39: =IF(OR(Archery>=AF38,Crossbows>=AF38,Daggers>=AF38,HandtoHandCombat>=AF38,ImprovisedWeaponry>=AF38,Axes>=AF38,Maces>=AF38,Swords>=AF38,Polearms>=AF38,Staves>=AF38,Throwing>=AF38,TwoHandedAxes>=AF38,TwoHandedMaces>=AF38,TwoHandedSwords>=AF38),TRUE) -> #REF! | AG39: =IF(Axes>=AG38,TRUE) -> #REF! | AH39: =IF(Maces>=AH38,TRUE) -> #REF! | AI39: =IF(Swords>=AI38,TRUE) -> #REF! | AJ39: =IF(Polearms>=AJ38,TRUE) -> #REF! | AK39: =IF(Shields>=AK38,TRUE) -> #REF! | AL39: =IF(Staves>=AL38,TRUE) -> #REF! | AM39: =IF(Throwing>=AM38,TRUE) -> #REF! | AN39: =IF(TwoHandedAxes>=AN38,TRUE) -> #NAME? | AO39: =IF(TwoHandedMaces>=AO38,TRUE) -> #NAME? | AP39: =IF(TwoHandedSwords>=AP38,TRUE) -> #NAME? | AR39: =IF(Acrobatics>=AR38,TRUE) -> #REF! | AS39: =IF(Appraisal>=AS38,TRUE) -> #REF! | AT39: =IF(Athletics>=AT38,TRUE) -> #REF! | AU39: =IF(Comprehension>=AU38,TRUE) -> #REF! | AV39: =IF(Expression>=AV38,TRUE) -> #REF! | AW39: =IF(Perception>=AW38,TRUE) -> #REF! | AX39: =IF(Security>=AX38,TRUE) -> #REF! | AY39: =IF(Stealth>=AY38,TRUE) -> #REF! | AZ39: =IF(Streetwise>=AZ38,TRUE) -> #REF! | BA39: =IF(Subterfuge>=BA38,TRUE) -> #REF! | BB39: =IF(Survival>=BB38,TRUE) -> #REF! | BD39: =IF(AncientDraconic>=BD38,TRUE) -> #REF! | BE39: =IF(AquaElven>=BE38,TRUE) -> #REF! | BF39: =IF(BasicElven>=BF38,TRUE) -> #REF! | BG39: =IF(Common>=BG38,TRUE) -> #REF! | BH39: =IF(DarkElven>=BH38,TRUE) -> #REF! | BI39: =IF(Davek>=BI38,TRUE) -> #REF! | BJ39: =IF(Draconic>=BJ38,TRUE) -> #REF! | BK39: =IF(Eulian>=BK38,TRUE) -> #REF! | BL39: =IF(Garonian>=BL38,TRUE) -> #REF! | BM39: =IF(Geovek>=BM38,TRUE) -> #REF! | BN39: =IF(Gnomish>=BN38,TRUE) -> #REF! | BO39: =IF(Goblin>=BO38,TRUE) -> #REF! | BP39: =IF(HighElven>=BP38,TRUE) -> #REF! | BQ39: =IF(Kotaba>=BQ38,TRUE) -> #REF! | BR39: =IF(LowerCommon>=BR38,TRUE) -> #REF! | BS39: =IF(OldElven>=BS38,TRUE) -> #REF! | BT39: =IF(Sylvan>=BT38,TRUE) -> #REF! | BU39: =IF(TrueDraconic>=BU38,TRUE) -> #REF! | BV39: =IF(Volken>=BV38,TRUE) -> #REF! | BW39: =IF(WoodElven>=BW38,TRUE) -> #REF! | BZ39: =MATCH(TRUE,INDEX((INDIRECT(CHAR(CODE($I$1)+SUM($BY39:BY39))&$CK39-1&":"&$BW$1&$CK39-1)<>0),0),0) -> 9 | CA39: =MATCH(TRUE,INDEX((INDIRECT(CHAR(CODE($I$1)+SUM($BY39:BZ39))&$CK39-1&":"&$BW$1&$CK39-1)<>0),0),0) -> 15 | CB39: =MATCH(TRUE,INDEX((INDIRECT(CHAR(CODE($I$1)+SUM($BY39:CA39))&$CK39-1&":"&$BW$1&$CK39-1)<>0),0),0) -> 1 | CC39: =MATCH(TRUE,INDEX((INDIRECT(CHAR(CODE($I$1)+SUM($BY39:CB39))&$CK39-1&":"&$BW$1&$CK39-1)<>0),0),0) -> 1 | CD39: =MATCH(TRUE,INDEX((INDIRECT(CHAR(CODE($I$1)+SUM($BY39:CC39))&$CK39-1&":"&$BW$1&$CK39-1)<>0),0),0) -> 1 | CE39: =MATCH(TRUE,INDEX((INDIRECT(CHAR(CODE($I$1)+SUM($BY39:CD39))&$CK39-1&":"&$BW$1&$CK39-1)<>0),0),0) -> 1 | CF39: =MATCH(TRUE,INDEX((INDIRECT(CHAR(CODE($I$1)+SUM($BY39:CE39))&$CK39-1&":"&$BW$1&$CK39-1)<>0),0),0) -> 1 | CG39: =MATCH(TRUE,INDEX((INDIRECT(CHAR(CODE($I$1)+SUM($BY39:CF39))&$CK39-1&":"&$BW$1&$CK39-1)<>0),0),0) -> 1 | ... CJ39: =MATCH(TRUE,INDEX((INDIRECT(CHAR(CODE($I$1)+SUM($BY39:CI39))&$CK39-1&":"&$BW$1&$CK39-1)<>0),0),0) -> #REF! | CK39: =ROW(CK39) -> 39
